subject,session_a_idx,session_a_name,session_b_idx,session_b_name,recorded_mass_kg,diagnostic_channel,diagnostic_role,tiling_idx,scattering_order,view,between_session_distance,between_distance_numerator,within_a,within_b,epsilon_distance_a,epsilon_distance_b,between_to_within_denominator,between_to_within_ratio,exactly_identical,common_path_count,common_vector_dimension,n_near_zero_path_blocks_a,n_near_zero_path_blocks_b,n_inactive_paths_a,n_inactive_paths_b,missing_reason
3,1,10am,2,12pm,64.200000000000003,mag,primary,0,0,within_path_shape,,,,,,,,,,,,,,,,session_repeatability_unavailable
3,1,10am,2,12pm,64.200000000000003,mag,primary,0,0,path_energy_composition,,,,,,,,,,,,,,,,not_applicable_single_path
3,1,10am,2,12pm,64.200000000000003,mag,primary,0,1,within_path_shape,,,,,,,,,,,,,,,,session_repeatability_unavailable
3,1,10am,2,12pm,64.200000000000003,mag,primary,0,1,path_energy_composition,,,,,,,,,,,,,,,,session_repeatability_unavailable
3,1,10am,2,12pm,64.200000000000003,mag,primary,0,2,within_path_shape,,,,,,,,,,,,,,,,session_repeatability_unavailable
3,1,10am,2,12pm,64.200000000000003,mag,primary,0,2,path_energy_composition,,,,,,,,,,,,,,,,session_repeatability_unavailable
3,1,10am,2,12pm,64.200000000000003,mag,primary,1,0,within_path_shape,,,,,,,,,,,,,,,,session_repeatability_unavailable
3,1,10am,2,12pm,64.200000000000003,mag,primary,1,0,path_energy_composition,,,,,,,,,,,,,,,,not_applicable_single_path
3,1,10am,2,12pm,64.200000000000003,mag,primary,1,1,within_path_shape,,,,,,,,,,,,,,,,session_repeatability_unavailable
3,1,10am,2,12pm,64.200000000000003,mag,primary,1,1,path_energy_composition,,,,,,,,,,,,,,,,session_repeatability_unavailable
3,1,10am,2,12pm,64.200000000000003,mag,primary,1,2,within_path_shape,,,,,,,,,,,,,,,,session_repeatability_unavailable
3,1,10am,2,12pm,64.200000000000003,mag,primary,1,2,path_energy_composition,,,,,,,,,,,,,,,,session_repeatability_unavailable
3,1,10am,2,12pm,64.200000000000003,mag,primary,2,0,within_path_shape,,,,,,,,,,,,,,,,session_repeatability_unavailable
3,1,10am,2,12pm,64.200000000000003,mag,primary,2,0,path_energy_composition,,,,,,,,,,,,,,,,not_applicable_single_path
3,1,10am,2,12pm,64.200000000000003,mag,primary,2,1,within_path_shape,,,,,,,,,,,,,,,,session_repeatability_unavailable
3,1,10am,2,12pm,64.200000000000003,mag,primary,2,1,path_energy_composition,,,,,,,,,,,,,,,,session_repeatability_unavailable
3,1,10am,2,12pm,64.200000000000003,mag,primary,2,2,within_path_shape,,,,,,,,,,,,,,,,session_repeatability_unavailable
3,1,10am,2,12pm,64.200000000000003,mag,primary,2,2,path_energy_composition,,,,,,,,,,,,,,,,session_repeatability_unavailable
3,1,10am,2,12pm,64.200000000000003,iq,sensitivity,0,0,within_path_shape,,,,,,,,,,,,,,,,session_repeatability_unavailable
3,1,10am,2,12pm,64.200000000000003,iq,sensitivity,0,0,path_energy_composition,,,,,,,,,,,,,,,,not_applicable_single_path
3,1,10am,2,12pm,64.200000000000003,iq,sensitivity,0,1,within_path_shape,,,,,,,,,,,,,,,,session_repeatability_unavailable
3,1,10am,2,12pm,64.200000000000003,iq,sensitivity,0,1,path_energy_composition,,,,,,,,,,,,,,,,session_repeatability_unavailable
3,1,10am,2,12pm,64.200000000000003,iq,sensitivity,0,2,within_path_shape,,,,,,,,,,,,,,,,session_repeatability_unavailable
3,1,10am,2,12pm,64.200000000000003,iq,sensitivity,0,2,path_energy_composition,,,,,,,,,,,,,,,,session_repeatability_unavailable
3,1,10am,2,12pm,64.200000000000003,iq,sensitivity,1,0,within_path_shape,,,,,,,,,,,,,,,,session_repeatability_unavailable
3,1,10am,2,12pm,64.200000000000003,iq,sensitivity,1,0,path_energy_composition,,,,,,,,,,,,,,,,not_applicable_single_path
3,1,10am,2,12pm,64.200000000000003,iq,sensitivity,1,1,within_path_shape,,,,,,,,,,,,,,,,session_repeatability_unavailable
3,1,10am,2,12pm,64.200000000000003,iq,sensitivity,1,1,path_energy_composition,,,,,,,,,,,,,,,,session_repeatability_unavailable
3,1,10am,2,12pm,64.200000000000003,iq,sensitivity,1,2,within_path_shape,,,,,,,,,,,,,,,,session_repeatability_unavailable
3,1,10am,2,12pm,64.200000000000003,iq,sensitivity,1,2,path_energy_composition,,,,,,,,,,,,,,,,session_repeatability_unavailable
3,1,10am,2,12pm,64.200000000000003,iq,sensitivity,2,0,within_path_shape,,,,,,,,,,,,,,,,session_repeatability_unavailable
3,1,10am,2,12pm,64.200000000000003,iq,sensitivity,2,0,path_energy_composition,,,,,,,,,,,,,,,,not_applicable_single_path
3,1,10am,2,12pm,64.200000000000003,iq,sensitivity,2,1,within_path_shape,,,,,,,,,,,,,,,,session_repeatability_unavailable
3,1,10am,2,12pm,64.200000000000003,iq,sensitivity,2,1,path_energy_composition,,,,,,,,,,,,,,,,session_repeatability_unavailable
3,1,10am,2,12pm,64.200000000000003,iq,sensitivity,2,2,within_path_shape,,,,,,,,,,,,,,,,session_repeatability_unavailable
3,1,10am,2,12pm,64.200000000000003,iq,sensitivity,2,2,path_energy_composition,,,,,,,,,,,,,,,,session_repeatability_unavailable
5,1,10am,2,12pm,79.799999999999997,mag,primary,0,0,within_path_shape,0.8547124450816207,0.8547124450816207,0.42072658054189954,0.081935775612136746,2.6176726332417354e-13,9.0723718429672886e-14,0.42863075822862023,1.9940529900696951,False,1,6,0,0,0,0,
5,1,10am,2,12pm,79.799999999999997,mag,primary,0,0,path_energy_composition,,,,,,,,,,,,,,,,not_applicable_single_path
5,1,10am,2,12pm,79.799999999999997,mag,primary,0,1,within_path_shape,0.11661925181238679,0.11661925181238679,0.057140395119458925,0.070414711309913725,6.4281626528157613e-14,8.6255668465213188e-14,0.090682172025522062,1.2860218189256083,False,55,330,0,0,0,0,
5,1,10am,2,12pm,79.799999999999997,mag,primary,0,1,path_energy_composition,0.52281844090135621,0.52281844090135621,0.14517557710632903,0.20069453083445282,1.2353847979170093e-13,1.6226888916822386e-13,0.247697886335384,2.1107101422474708,False,55,55,0,0,0,0,
5,1,10am,2,12pm,79.799999999999997,mag,primary,0,2,within_path_shape,0.39209620532303063,0.39209620532303063,0.087714411473343842,0.12883740997354626,1.0481377879440931e-13,1.6532499274849433e-13,0.15586178553066404,2.5156660690627732,False,686,4116,0,0,0,0,
5,1,10am,2,12pm,79.799999999999997,mag,primary,0,2,path_energy_composition,0.2394350553138706,0.2394350553138706,0.11188490836408074,0.058339246838430496,1.109097068301661e-13,7.1116553321550307e-14,0.12618122063648801,1.8975490497405507,False,686,686,0,0,0,0,
5,1,10am,2,12pm,79.799999999999997,mag,primary,1,0,within_path_shape,0.56804003996451435,0.56804003996451435,0.11655242747140521,0.093516685086459855,7.6532975587310722e-14,1.0040303547700186e-13,0.14943171932035471,3.801335101731238,False,1,5,0,0,0,0,
5,1,10am,2,12pm,79.799999999999997,mag,primary,1,0,path_energy_composition,,,,,,,,,,,,,,,,not_applicable_single_path
5,1,10am,2,12pm,79.799999999999997,mag,primary,1,1,within_path_shape,0.040696008653374985,0.040696008653374985,0.023008513264579283,0.028207010293849054,2.1755442362676908e-14,2.8813889356985705e-14,0.03640092186145328,1.1179939015904425,False,54,270,0,0,0,0,
5,1,10am,2,12pm,79.799999999999997,mag,primary,1,1,path_energy_composition,0.73981935904291851,0.73981935904291851,0.11990025140231417,0.19587482716102311,1.0887632729810371e-13,1.6069831298700579e-13,0.22965848166723304,3.2213892283538232,False,54,54,0,0,0,0,
5,1,10am,2,12pm,79.799999999999997,mag,primary,1,2,within_path_shape,0.066849198755764158,0.066849198755764158,0.024029476492696412,0.027782004547161662,2.7044921258160416e-14,3.3075090517143374e-14,0.036732213616545911,1.8199066207556884,False,411,2055,0,0,0,0,
5,1,10am,2,12pm,79.799999999999997,mag,primary,1,2,path_energy_composition,0.25442812733870857,0.25442812733870857,0.10770226345697971,0.068090387708791777,1.0846082550506567e-13,6.9587752405265852e-14,0.12742087133625421,1.9967539436085917,False,411,411,0,0,0,0,
5,1,10am,2,12pm,79.799999999999997,mag,primary,2,0,within_path_shape,0.30353226349469697,0.30353226349469697,0.030404019623660447,0.074013514605761138,2.2960168842153321e-14,7.6624819196863549e-14,0.080015028298271243,3.7934406817082249,False,1,5,0,0,0,0,
5,1,10am,2,12pm,79.799999999999997,mag,primary,2,0,path_energy_composition,,,,,,,,,,,,,,,,not_applicable_single_path
5,1,10am,2,12pm,79.799999999999997,mag,primary,2,1,within_path_shape,0.020164203293537269,0.020164203293537269,0.0093317618251273944,0.012622687944790479,8.4929065395058662e-15,1.0702457746394753e-14,0.015697580377639856,1.284542127413459,False,43,215,0,0,0,0,
5,1,10am,2,12pm,79.799999999999997,mag,primary,2,1,path_energy_composition,0.72412234087016636,0.72412234087016636,0.11917412592063518,0.18797699826843073,1.0290750408598031e-13,1.4822754332419397e-13,0.22257094187462348,3.2534451028116331,False,43,43,0,0,0,0,
5,1,10am,2,12pm,79.799999999999997,mag,primary,2,2,within_path_shape,0.020768088516227776,0.020768088516227776,0.0084715615713295001,0.0093588647153673814,9.0857759635070285e-15,9.921449790493552e-15,0.012623616922949433,1.6451773404555623,False,305,1525,0,0,0,0,
5,1,10am,2,12pm,79.799999999999997,mag,primary,2,2,path_energy_composition,0.24157715499656118,0.24157715499656118,0.096202140970261307,0.049447684053218866,8.4554270416888254e-14,5.1895963055942626e-14,0.10816619335767061,2.2333887095179885,False,305,305,0,0,0,0,
5,1,10am,2,12pm,79.799999999999997,iq,sensitivity,0,0,within_path_shape,1.5270790041223525,1.5270790041223525,0.23259138007683217,0.18408482304322135,2.3021476438362158e-13,1.5569326923603577e-13,0.29662429462351786,5.1481926187487614,False,1,12,0,0,0,0,
5,1,10am,2,12pm,79.799999999999997,iq,sensitivity,0,0,path_energy_composition,,,,,,,,,,,,,,,,not_applicable_single_path
5,1,10am,2,12pm,79.799999999999997,iq,sensitivity,0,1,within_path_shape,0.35330775619829102,0.35330775619829102,0.06050684107254084,0.058989467244323114,1.2567637738093842e-13,6.9877384144424407e-14,0.084503461836464344,4.1809855894665153,False,55,660,0,0,0,0,
5,1,10am,2,12pm,79.799999999999997,iq,sensitivity,0,1,path_energy_composition,0.22610237453820003,0.22610237453820003,0.029573718842294018,0.044387656026683264,3.6278501634788043e-14,3.9044731561582919e-14,0.053337312021756476,4.2391032837570082,False,55,55,0,0,0,0,
5,1,10am,2,12pm,79.799999999999997,iq,sensitivity,0,2,within_path_shape,0.58222312784544372,0.58222312784544372,0.20150149608085927,0.055474844437849204,2.0842688152516578e-13,8.4056134263535999e-14,0.20899835235768752,2.7857785541247018,False,686,8232,0,0,0,0,
5,1,10am,2,12pm,79.799999999999997,iq,sensitivity,0,2,path_energy_composition,0.40227599153672422,0.40227599153672422,0.025015861439971573,0.070524301010627871,2.5388046433064311e-14,7.2104889254375633e-14,0.074829608823122312,5.3758932842693294,False,686,686,0,0,0,0,
5,1,10am,2,12pm,79.799999999999997,iq,sensitivity,1,0,within_path_shape,1.4392177352327244,1.4392177352327244,0.17287274545180698,0.13175465359352459,1.7580323124379581e-13,1.2508901625863942e-13,0.21735748172905139,6.6214317712182194,False,1,10,0,0,0,0,
5,1,10am,2,12pm,79.799999999999997,iq,sensitivity,1,0,path_energy_composition,,,,,,,,,,,,,,,,not_applicable_single_path
5,1,10am,2,12pm,79.799999999999997,iq,sensitivity,1,1,within_path_shape,0.3142006179244512,0.3142006179244512,0.053439222605260531,0.053466700079426999,1.2900126498382363e-13,6.9507165714028094e-14,0.075593905376280079,4.1564279072561492,False,54,540,0,0,0,0,
5,1,10am,2,12pm,79.799999999999997,iq,sensitivity,1,1,path_energy_composition,0.26100904359608035,0.26100904359608035,0.053737809448894107,0.058127483171418595,4.6955093196487205e-14,4.6803308990378779e-14,0.079161584523108203,3.2971680035016067,False,54,54,0,0,0,0,
5,1,10am,2,12pm,79.799999999999997,iq,sensitivity,1,2,within_path_shape,0.2799810430041505,0.2799810430041505,0.078552654017959342,0.06610350060057571,1.633035306780746e-13,8.7591464004026785e-14,0.1026654384148606,2.7271207070949774,False,411,4110,0,0,0,0,
5,1,10am,2,12pm,79.799999999999997,iq,sensitivity,1,2,path_energy_composition,0.23788158983300062,0.23788158983300062,0.014324824347882016,0.050745489853579101,2.3312970293802537e-14,5.7354136559756075e-14,0.052728600712301982,4.5114337687611163,False,411,411,0,0,0,0,
5,1,10am,2,12pm,79.799999999999997,iq,sensitivity,2,0,within_path_shape,1.3472231339284839,1.3472231339284839,0.19915639856774736,0.11579354718387527,1.3353407465021488e-13,1.092238571678237e-13,0.23037234352217673,5.848024608035443,False,1,10,0,0,0,0,
5,1,10am,2,12pm,79.799999999999997,iq,sensitivity,2,0,path_energy_composition,,,,,,,,,,,,,,,,not_applicable_single_path
5,1,10am,2,12pm,79.799999999999997,iq,sensitivity,2,1,within_path_shape,0.32441189188209041,0.32441189188209041,0.053894170245406943,0.045797074769564919,1.2825600516648083e-13,6.9032606760735447e-14,0.070724491117929056,4.5869809277404636,False,43,430,0,0,0,0,
5,1,10am,2,12pm,79.799999999999997,iq,sensitivity,2,1,path_energy_composition,0.19485091782955224,0.19485091782955224,0.032209839630712209,0.052605222796385451,3.9889685542216804e-14,4.2709575924122558e-14,0.061682924983284884,3.158911771488687,False,43,43,0,0,0,0,
5,1,10am,2,12pm,79.799999999999997,iq,sensitivity,2,2,within_path_shape,0.22116137119185358,0.22116137119185358,0.067620244665352811,0.063495540514264884,1.5957753201540402e-13,9.2323280497812045e-14,0.092758725486073973,2.3842648767857093,False,305,3050,0,0,0,0,
5,1,10am,2,12pm,79.799999999999997,iq,sensitivity,2,2,path_energy_composition,0.21543222336973045,0.21543222336973045,0.010983645012637808,0.044011124067815308,2.2503464641413585e-14,5.3014190046659194e-14,0.045360990944602116,4.7492838865189411,False,305,305,0,0,0,0,
6,3,2pm,4,4pm,49.700000000000003,mag,primary,0,0,within_path_shape,0.44816829372655215,0.44816829372655215,0.058115088422440314,0.092456721924470409,1.1549125300537212e-13,1.494998872318441e-13,0.10920443640881493,4.1039385254349998,False,1,6,0,0,0,0,
6,3,2pm,4,4pm,49.700000000000003,mag,primary,0,0,path_energy_composition,,,,,,,,,,,,,,,,not_applicable_single_path
6,3,2pm,4,4pm,49.700000000000003,mag,primary,0,1,within_path_shape,0.078846355071976737,0.078846355071976737,0.052035326942587515,0.029422784536240001,8.9670746775298685e-14,6.2386947134066293e-14,0.059777717419519941,1.3189924017779588,False,55,330,0,0,0,0,
6,3,2pm,4,4pm,49.700000000000003,mag,primary,0,1,path_energy_composition,0.1872550643602201,0.1872550643602201,0.11898030011671845,0.07888987445975032,1.7393025099128849e-13,1.39917930626777e-13,0.14275827159271565,1.311693271927894,False,55,55,0,0,0,0,
6,3,2pm,4,4pm,49.700000000000003,mag,primary,0,2,within_path_shape,0.15710506945779307,0.15710506945779307,0.085828326580842274,0.091311177347193184,1.3259679340883553e-13,1.4853452016316836e-13,0.12531653024321365,1.2536659701069315,False,686,4116,1,2,0,0,
6,3,2pm,4,4pm,49.700000000000003,mag,primary,0,2,path_energy_composition,0.055332696057492373,0.055332696057492373,0.054086318758883006,0.021921744473562134,7.1359346530353171e-14,4.1086056343836172e-14,0.058360027053212131,0.94812663481188131,False,686,686,1,2,0,0,
6,3,2pm,4,4pm,49.700000000000003,mag,primary,1,0,within_path_shape,0.86531328123161155,0.86531328123161155,0.10831154829551852,0.15960222826025167,2.0762337848711004e-13,2.6116910841368711e-13,0.19288406559332452,4.48618333800591,False,1,5,0,0,0,0,
6,3,2pm,4,4pm,49.700000000000003,mag,primary,1,0,path_energy_composition,,,,,,,,,,,,,,,,not_applicable_single_path
6,3,2pm,4,4pm,49.700000000000003,mag,primary,1,1,within_path_shape,0.028656123361214328,0.028656123361214328,0.018386246152407686,0.0096271999972847438,3.1128676096309681e-14,2.101914301343985e-14,0.020754205052582617,1.3807381823881715,False,54,270,0,0,0,0,
6,3,2pm,4,4pm,49.700000000000003,mag,primary,1,1,path_energy_composition,0.32980395704117227,0.32980395704117227,0.20216609497735583,0.07928263826400192,2.2162694533832911e-13,1.4481342203061936e-13,0.2171563185553067,1.518739860922701,False,54,54,0,0,0,0,
6,3,2pm,4,4pm,49.700000000000003,mag,primary,1,2,within_path_shape,0.033629213563840028,0.033629213563840028,0.016876905811928994,0.013993650011179901,3.2212645663540846e-14,2.4078713229997349e-14,0.021923781389626147,1.5339148373260387,False,411,2055,0,0,0,0,
6,3,2pm,4,4pm,49.700000000000003,mag,primary,1,2,path_energy_composition,0.043333069904927871,0.043333069904927871,0.05360103622773138,0.018573257058559157,5.8876017606441745e-14,3.9834790307703938e-14,0.056727744203783473,0.76387789631229086,False,411,411,0,0,0,0,
6,3,2pm,4,4pm,49.700000000000003,mag,primary,2,0,within_path_shape,1.4702960311527986,1.4702960311527986,0.122239392089287,0.24468473274695343,2.0812672873195079e-13,3.3666582737633378e-13,0.27351981174643725,5.3754644746385543,False,1,5,0,0,0,0,
6,3,2pm,4,4pm,49.700000000000003,mag,primary,2,0,path_energy_composition,,,,,,,,,,,,,,,,not_applicable_single_path
6,3,2pm,4,4pm,49.700000000000003,mag,primary,2,1,within_path_shape,0.010142223337800516,0.010142223337800516,0.0073606122958937547,0.0038029534395130201,1.1558066744466744e-14,8.1291055251740749e-15,0.0082849905391355911,1.2241683668668013,False,43,215,0,0,0,0,
6,3,2pm,4,4pm,49.700000000000003,mag,primary,2,1,path_energy_composition,0.25844945199075159,0.25844945199075159,0.17357151842906118,0.049735349322099387,1.8805742063621333e-13,1.1628658264079164e-13,0.18055657557109675,1.4314042630310264,False,43,43,0,0,0,0,
6,3,2pm,4,4pm,49.700000000000003,mag,primary,2,2,within_path_shape,0.0083935231236357422,0.0083935231236357422,0.0048656439073419206,0.0033018284133135871,8.8931006947347076e-15,6.7255394320696382e-15,0.0058801837984895052,1.4274253001737567,False,305,1525,0,0,0,0,
6,3,2pm,4,4pm,49.700000000000003,mag,primary,2,2,path_energy_composition,0.025238844099227713,0.025238844099227713,0.037062381522898015,0.01678388356855802,4.3208867744724644e-14,3.2464454483303321e-14,0.040685610131737784,0.62033834610088712,False,305,305,0,0,0,0,
6,3,2pm,4,4pm,49.700000000000003,iq,sensitivity,0,0,within_path_shape,0.99066085699012607,0.99066085699012607,0.35140552481136889,0.13279716798469288,3.8866921728545179e-13,1.8749174465206953e-13,0.37566065896325679,2.6371163265382607,False,1,12,0,0,0,0,
6,3,2pm,4,4pm,49.700000000000003,iq,sensitivity,0,0,path_energy_composition,,,,,,,,,,,,,,,,not_applicable_single_path
6,3,2pm,4,4pm,49.700000000000003,iq,sensitivity,0,1,within_path_shape,0.3573946726578095,0.3573946726578095,0.1397911270720496,0.038296535233401083,2.0093724152931573e-13,7.714381321243782e-14,0.1449420015694452,2.4657771300789793,False,55,660,0,0,0,0,
6,3,2pm,4,4pm,49.700000000000003,iq,sensitivity,0,1,path_energy_composition,0.069674800677817422,0.069674800677817422,0.038355080734927251,0.034929643536206402,5.1765644479605511e-14,4.8198011929866028e-14,0.051876702051587981,1.3430846203085616,False,55,55,0,0,0,0,
6,3,2pm,4,4pm,49.700000000000003,iq,sensitivity,0,2,within_path_shape,0.44078913637371547,0.44078913637371547,0.35507444295326412,0.086302649663692055,3.9689390260551227e-13,1.844217384817763e-13,0.36541210622740017,1.2062795097965564,False,686,8232,12,3,0,0,
6,3,2pm,4,4pm,49.700000000000003,iq,sensitivity,0,2,path_energy_composition,0.065821018067509382,0.065821018067509382,0.080541457334466743,0.034953005879392353,8.216183693533835e-14,4.4482905747919009e-14,0.0877988551722889,0.74967968475611546,False,686,686,12,3,0,0,
6,3,2pm,4,4pm,49.700000000000003,iq,sensitivity,1,0,within_path_shape,0.81559753625730558,0.81559753625730558,0.27099163296848972,0.19195696037220722,3.135679919433345e-13,2.3427344663452394e-13,0.33209025847541174,2.4559514030963157,False,1,10,0,0,0,0,
6,3,2pm,4,4pm,49.700000000000003,iq,sensitivity,1,0,path_energy_composition,,,,,,,,,,,,,,,,not_applicable_single_path
6,3,2pm,4,4pm,49.700000000000003,iq,sensitivity,1,1,within_path_shape,0.36316819385854582,0.36316819385854582,0.16146653537472533,0.038144849596320411,2.2538324062966962e-13,9.2913506072160949e-14,0.16591103518646169,2.1889333247206468,False,54,540,0,0,0,0,
6,3,2pm,4,4pm,49.700000000000003,iq,sensitivity,1,1,path_energy_composition,0.069678324367171002,0.069678324367171002,0.041800883566277133,0.03383684857366466,5.2908159010714342e-14,5.252712116458932e-14,0.053779607550804701,1.2956272375425397,False,54,54,0,0,0,0,
6,3,2pm,4,4pm,49.700000000000003,iq,sensitivity,1,2,within_path_shape,0.45804556954834641,0.45804556954834641,0.21713668414771878,0.052178031243714007,3.1127998789276095e-13,1.1560385813166778e-13,0.22331790467209783,2.0510920081437445,False,411,4110,0,0,0,0,
6,3,2pm,4,4pm,49.700000000000003,iq,sensitivity,1,2,path_energy_composition,0.063803892968084891,0.063803892968084891,0.048698835061812606,0.02129291384406163,6.2245763724840285e-14,3.4355433153325732e-14,0.053150397141961792,1.2004405686314665,False,411,411,0,0,0,0,
6,3,2pm,4,4pm,49.700000000000003,iq,sensitivity,2,0,within_path_shape,0.72512126671932386,0.72512126671932386,0.14881687303889654,0.21441020525040005,2.0928238705712216e-13,2.7355958137588676e-13,0.2609946317773485,2.7782995450186747,False,1,10,0,0,0,0,
6,3,2pm,4,4pm,49.700000000000003,iq,sensitivity,2,0,path_energy_composition,,,,,,,,,,,,,,,,not_applicable_single_path
6,3,2pm,4,4pm,49.700000000000003,iq,sensitivity,2,1,within_path_shape,0.37778557766436677,0.37778557766436677,0.15837851687783827,0.03771790245294164,2.3421082023678423e-13,9.6369459878547991e-14,0.16280784616803123,2.3204383975110181,False,43,430,0,0,0,0,
6,3,2pm,4,4pm,49.700000000000003,iq,sensitivity,2,1,path_energy_composition,0.061873154711898533,0.061873154711898533,0.034000131968892955,0.032947081292299674,4.6685760778003839e-14,5.1007806014084442e-14,0.047344684385721064,1.3068659241196503,False,43,43,0,0,0,0,
6,3,2pm,4,4pm,49.700000000000003,iq,sensitivity,2,2,within_path_shape,0.4882007390158985,0.4882007390158985,0.21032132244967158,0.050466806719105688,3.1853539369883298e-13,1.0721232997321181e-13,0.2162913712042214,2.2571438532096662,False,305,3050,0,0,0,0,
6,3,2pm,4,4pm,49.700000000000003,iq,sensitivity,2,2,path_energy_composition,0.056218535689479522,0.056218535689479522,0.03612298865938908,0.016643429999415073,5.5634524378604841e-14,2.9071755894066793e-14,0.039772780539356081,1.4134927185654014,False,305,305,0,0,0,0,
7,3,2pm,4,4pm,93,mag,primary,0,0,within_path_shape,0.34949428862849546,0.34949428862849546,0.093833696595558944,0.49386190047408307,6.4844397000826905e-14,3.0601135236228076e-13,0.50269706519598911,0.69523837083122086,False,1,6,0,0,0,0,
7,3,2pm,4,4pm,93,mag,primary,0,0,path_energy_composition,,,,,,,,,,,,,,,,not_applicable_single_path
7,3,2pm,4,4pm,93,mag,primary,0,1,within_path_shape,0.12864914761775215,0.12864914761775215,0.1133994102302667,0.065733617634840535,1.0616322069252077e-13,7.3995922848048119e-14,0.13107377589714783,0.98150180489727967,False,55,330,0,0,0,0,
7,3,2pm,4,4pm,93,mag,primary,0,1,path_energy_composition,0.19075171070057265,0.19075171070057265,0.1772085007759166,0.12808105372278472,1.6157727463111988e-13,1.6208201826463424e-13,0.21864951193631077,0.87240858217024364,False,55,55,0,0,0,0,
7,3,2pm,4,4pm,93,mag,primary,0,2,within_path_shape,0.14604304649901059,0.14604304649901059,0.18636568953403124,0.12510843615695227,1.8041083231553902e-13,1.5618318725923715e-13,0.22446445382985059,0.65062883680333061,False,686,4116,1,0,0,0,
7,3,2pm,4,4pm,93,mag,primary,0,2,path_energy_composition,0.48838902635240289,0.48838902635240289,0.28744822736723247,0.066919016134290146,2.9995134755449517e-13,6.3349763156719728e-14,0.29513494902661996,1.6547990265576857,False,686,686,1,0,0,0,
7,3,2pm,4,4pm,93,mag,primary,1,0,within_path_shape,0.32806736079450444,0.32806736079450444,0.059247766204630431,1.0182817422464827,4.5919721802535217e-14,3.2391476866035749e-13,1.0200039237143996,0.32163343019292451,False,1,5,0,0,0,0,
7,3,2pm,4,4pm,93,mag,primary,1,0,path_energy_composition,,,,,,,,,,,,,,,,not_applicable_single_path
7,3,2pm,4,4pm,93,mag,primary,1,1,within_path_shape,0.031694006335380359,0.031694006335380359,0.032907044456201913,0.021440939514416966,3.3894897308279032e-14,2.3989336416633382e-14,0.039275787224489031,0.80696043478967316,False,54,270,0,0,0,0,
7,3,2pm,4,4pm,93,mag,primary,1,1,path_energy_composition,0.21460095062080581,0.21460095062080581,0.17524551184344769,0.15915473090699803,1.6393151337790561e-13,1.7590887499119918e-13,0.23673026378422959,0.90652097957532884,False,54,54,0,0,0,0,
7,3,2pm,4,4pm,93,mag,primary,1,2,within_path_shape,0.028435274352131026,0.028435274352131026,0.03426362720786226,0.027271147569892625,3.5842064559255059e-14,2.8548093027179178e-14,0.043791684589864995,0.64933045208112394,False,411,2055,0,0,0,0,
7,3,2pm,4,4pm,93,mag,primary,1,2,path_energy_composition,0.30319524437265521,0.30319524437265521,0.26334000302346339,0.056161221104589154,2.3198432023935546e-13,5.766712020468778e-14,0.26926202841907781,1.1260230272824208,False,411,411,0,0,0,0,
7,3,2pm,4,4pm,93,mag,primary,2,0,within_path_shape,0.19227568595831465,0.19227568595831465,0.02714942246668374,1.6157069905641253,2.2697611820673307e-14,2.036586943638066e-13,1.61593507620141,0.1189872593212708,False,1,5,0,0,0,0,
7,3,2pm,4,4pm,93,mag,primary,2,0,path_energy_composition,,,,,,,,,,,,,,,,not_applicable_single_path
7,3,2pm,4,4pm,93,mag,primary,2,1,within_path_shape,0.011220475400135679,0.011220475400135679,0.0097651940927675311,0.007729062838736948,1.1337396123485122e-14,8.653370227490312e-15,0.012453811787343115,0.9009671570224882,False,43,215,0,0,0,0,
7,3,2pm,4,4pm,93,mag,primary,2,1,path_energy_composition,0.255500041306987,0.255500041306987,0.23147781195270964,0.16833974636178572,1.9851186466590104e-13,1.7899798438437938e-13,0.28621713371418622,0.89267905799841796,False,43,43,0,0,0,0,
7,3,2pm,4,4pm,93,mag,primary,2,2,within_path_shape,0.0090872049129066303,0.0090872049129066303,0.010515659521117812,0.0074154777147460854,1.1000063488384757e-14,7.9764828575054436e-15,0.01286733868762191,0.70622256346204026,False,305,1525,0,0,0,0,
7,3,2pm,4,4pm,93,mag,primary,2,2,path_energy_composition,0.29656613247109154,0.29656613247109154,0.26735963443381094,0.054384345837296358,2.1068638971147514e-13,5.1580965617587707e-14,0.27283480569152402,1.0869805695040204,False,305,305,0,0,0,0,
7,3,2pm,4,4pm,93,iq,sensitivity,0,0,within_path_shape,1.1923926796406714,1.1923926796406714,0.14817989319305896,0.12409110606721963,1.3444496403148653e-13,1.8651418448524203e-13,0.1932767015232108,6.1693554900484253,False,1,12,0,0,0,0,
7,3,2pm,4,4pm,93,iq,sensitivity,0,0,path_energy_composition,,,,,,,,,,,,,,,,not_applicable_single_path
7,3,2pm,4,4pm,93,iq,sensitivity,0,1,within_path_shape,0.39232374182746649,0.39232374182746649,0.11866688262214201,0.12129970156494786,8.7671931219405524e-14,1.8434062592575213e-13,0.16969221146240815,2.3119725911190558,False,55,660,0,0,0,0,
7,3,2pm,4,4pm,93,iq,sensitivity,0,1,path_energy_composition,0.03124154909836848,0.03124154909836848,0.021508041881876869,0.02901256718907758,1.9845033214444901e-14,2.0049235449345309e-14,0.036115438810753915,0.86504691974186509,False,55,55,0,0,0,0,
7,3,2pm,4,4pm,93,iq,sensitivity,0,2,within_path_shape,0.43719625430809128,0.43719625430809128,0.12820493256206836,0.10257427255939286,1.2379368496267878e-13,1.8799616440872523e-13,0.1641888733268278,2.6627642022844382,False,686,8232,2,0,0,0,
7,3,2pm,4,4pm,93,iq,sensitivity,0,2,path_energy_composition,0.022933107140628649,0.022933107140628649,0.054025041442661452,0.060092955809719684,5.2767024962774302e-14,6.8244465888741644e-14,0.080807601380255126,0.28379888462117159,False,686,686,2,0,0,0,
7,3,2pm,4,4pm,93,iq,sensitivity,1,0,within_path_shape,1.2729048871620363,1.2729048871620363,0.11179004514602991,0.12703777506991271,1.2718662751010386e-13,1.9920029919981441e-13,0.16922059711650098,7.5221628386389456,False,1,10,0,0,0,0,
7,3,2pm,4,4pm,93,iq,sensitivity,1,0,path_energy_composition,,,,,,,,,,,,,,,,not_applicable_single_path
7,3,2pm,4,4pm,93,iq,sensitivity,1,1,within_path_shape,0.38933052728627437,0.38933052728627437,0.10507598498596758,0.10000727228827014,8.7525641250696376e-14,1.7316445067701261e-13,0.14506004664038782,2.6839266655652407,False,54,540,0,0,0,0,
7,3,2pm,4,4pm,93,iq,sensitivity,1,1,path_energy_composition,0.044052942402715144,0.044052942402715144,0.041518197857472003,0.039537171401955291,3.7884280459283577e-14,3.4557323962696133e-14,0.057331916728815061,0.7683842598720253,False,54,54,0,0,0,0,
7,3,2pm,4,4pm,93,iq,sensitivity,1,2,within_path_shape,0.35631956202955672,0.35631956202955672,0.09637691960036987,0.1095394926554598,9.8472556873666232e-14,1.8977772497817708e-13,0.14590205989934374,2.4421832171209767,False,411,4110,0,0,0,0,
7,3,2pm,4,4pm,93,iq,sensitivity,1,2,path_energy_composition,0.042417885986204537,0.042417885986204537,0.039863952512824721,0.028708099560229829,3.80918155550346e-14,4.038133884993716e-14,0.04912524493887855,0.86346411176128923,False,411,411,0,0,0,0,
7,3,2pm,4,4pm,93,iq,sensitivity,2,0,within_path_shape,1.366258302549191,1.366258302549191,0.10731949306737498,0.14624487752002191,1.2224489382254536e-13,2.5052725934256838e-13,0.18139745806676716,7.5318492172382641,False,1,10,0,0,0,0,
7,3,2pm,4,4pm,93,iq,sensitivity,2,0,path_energy_composition,,,,,,,,,,,,,,,,not_applicable_single_path
7,3,2pm,4,4pm,93,iq,sensitivity,2,1,within_path_shape,0.35462177542097839,0.35462177542097839,0.098054615915139559,0.088031538489014557,8.5949042238605393e-14,1.5883374301043685e-13,0.13177351581789259,2.6911460411442314,False,43,430,0,0,0,0,
7,3,2pm,4,4pm,93,iq,sensitivity,2,1,path_energy_composition,0.038632123399909145,0.038632123399909145,0.030323335130517225,0.031668327464239185,2.8593210912704826e-14,2.7558091209467165e-14,0.043845040971812833,0.88110587979026,False,43,43,0,0,0,0,
7,3,2pm,4,4pm,93,iq,sensitivity,2,2,within_path_shape,0.31195453081828556,0.31195453081828556,0.093206772231197943,0.095265515349402224,9.7077530878919328e-14,1.7508062525549309e-13,0.13327798319507089,2.3406306378578421,False,305,3050,0,0,0,0,
7,3,2pm,4,4pm,93,iq,sensitivity,2,2,path_energy_composition,0.028077454684476942,0.028077454684476942,0.031355362737952801,0.02863650876873159,3.310212378070661e-14,3.8367113400561638e-14,0.042464201474774498,0.66120293586954926,False,305,305,0,0,0,0,
8,0,8am,1,10am,80.599999999999994,mag,primary,0,0,within_path_shape,,,,,,,,,,,,,,,,session_repeatability_unavailable
8,0,8am,1,10am,80.599999999999994,mag,primary,0,0,path_energy_composition,,,,,,,,,,,,,,,,not_applicable_single_path
8,0,8am,1,10am,80.599999999999994,mag,primary,0,1,within_path_shape,,,,,,,,,,,,,,,,session_repeatability_unavailable
8,0,8am,1,10am,80.599999999999994,mag,primary,0,1,path_energy_composition,,,,,,,,,,,,,,,,session_repeatability_unavailable
8,0,8am,1,10am,80.599999999999994,mag,primary,0,2,within_path_shape,,,,,,,,,,,,,,,,session_repeatability_unavailable
8,0,8am,1,10am,80.599999999999994,mag,primary,0,2,path_energy_composition,,,,,,,,,,,,,,,,session_repeatability_unavailable
8,0,8am,1,10am,80.599999999999994,mag,primary,1,0,within_path_shape,,,,,,,,,,,,,,,,session_repeatability_unavailable
8,0,8am,1,10am,80.599999999999994,mag,primary,1,0,path_energy_composition,,,,,,,,,,,,,,,,not_applicable_single_path
8,0,8am,1,10am,80.599999999999994,mag,primary,1,1,within_path_shape,,,,,,,,,,,,,,,,session_repeatability_unavailable
8,0,8am,1,10am,80.599999999999994,mag,primary,1,1,path_energy_composition,,,,,,,,,,,,,,,,session_repeatability_unavailable
8,0,8am,1,10am,80.599999999999994,mag,primary,1,2,within_path_shape,,,,,,,,,,,,,,,,session_repeatability_unavailable
8,0,8am,1,10am,80.599999999999994,mag,primary,1,2,path_energy_composition,,,,,,,,,,,,,,,,session_repeatability_unavailable
8,0,8am,1,10am,80.599999999999994,mag,primary,2,0,within_path_shape,,,,,,,,,,,,,,,,session_repeatability_unavailable
8,0,8am,1,10am,80.599999999999994,mag,primary,2,0,path_energy_composition,,,,,,,,,,,,,,,,not_applicable_single_path
8,0,8am,1,10am,80.599999999999994,mag,primary,2,1,within_path_shape,,,,,,,,,,,,,,,,session_repeatability_unavailable
8,0,8am,1,10am,80.599999999999994,mag,primary,2,1,path_energy_composition,,,,,,,,,,,,,,,,session_repeatability_unavailable
8,0,8am,1,10am,80.599999999999994,mag,primary,2,2,within_path_shape,,,,,,,,,,,,,,,,session_repeatability_unavailable
8,0,8am,1,10am,80.599999999999994,mag,primary,2,2,path_energy_composition,,,,,,,,,,,,,,,,session_repeatability_unavailable
8,0,8am,1,10am,80.599999999999994,iq,sensitivity,0,0,within_path_shape,,,,,,,,,,,,,,,,session_repeatability_unavailable
8,0,8am,1,10am,80.599999999999994,iq,sensitivity,0,0,path_energy_composition,,,,,,,,,,,,,,,,not_applicable_single_path
8,0,8am,1,10am,80.599999999999994,iq,sensitivity,0,1,within_path_shape,,,,,,,,,,,,,,,,session_repeatability_unavailable
8,0,8am,1,10am,80.599999999999994,iq,sensitivity,0,1,path_energy_composition,,,,,,,,,,,,,,,,session_repeatability_unavailable
8,0,8am,1,10am,80.599999999999994,iq,sensitivity,0,2,within_path_shape,,,,,,,,,,,,,,,,session_repeatability_unavailable
8,0,8am,1,10am,80.599999999999994,iq,sensitivity,0,2,path_energy_composition,,,,,,,,,,,,,,,,session_repeatability_unavailable
8,0,8am,1,10am,80.599999999999994,iq,sensitivity,1,0,within_path_shape,,,,,,,,,,,,,,,,session_repeatability_unavailable
8,0,8am,1,10am,80.599999999999994,iq,sensitivity,1,0,path_energy_composition,,,,,,,,,,,,,,,,not_applicable_single_path
8,0,8am,1,10am,80.599999999999994,iq,sensitivity,1,1,within_path_shape,,,,,,,,,,,,,,,,session_repeatability_unavailable
8,0,8am,1,10am,80.599999999999994,iq,sensitivity,1,1,path_energy_composition,,,,,,,,,,,,,,,,session_repeatability_unavailable
8,0,8am,1,10am,80.599999999999994,iq,sensitivity,1,2,within_path_shape,,,,,,,,,,,,,,,,session_repeatability_unavailable
8,0,8am,1,10am,80.599999999999994,iq,sensitivity,1,2,path_energy_composition,,,,,,,,,,,,,,,,session_repeatability_unavailable
8,0,8am,1,10am,80.599999999999994,iq,sensitivity,2,0,within_path_shape,,,,,,,,,,,,,,,,session_repeatability_unavailable
8,0,8am,1,10am,80.599999999999994,iq,sensitivity,2,0,path_energy_composition,,,,,,,,,,,,,,,,not_applicable_single_path
8,0,8am,1,10am,80.599999999999994,iq,sensitivity,2,1,within_path_shape,,,,,,,,,,,,,,,,session_repeatability_unavailable
8,0,8am,1,10am,80.599999999999994,iq,sensitivity,2,1,path_energy_composition,,,,,,,,,,,,,,,,session_repeatability_unavailable
8,0,8am,1,10am,80.599999999999994,iq,sensitivity,2,2,within_path_shape,,,,,,,,,,,,,,,,session_repeatability_unavailable
8,0,8am,1,10am,80.599999999999994,iq,sensitivity,2,2,path_energy_composition,,,,,,,,,,,,,,,,session_repeatability_unavailable
9,3,2pm,4,4pm,67.900000000000006,mag,primary,0,0,within_path_shape,0.2649267740863816,0.2649267740863816,0.16288464671455333,0.057436084785322444,1.8627573949388737e-13,7.3771699809227515e-14,0.17271453896760283,1.5338996686091124,False,1,6,0,0,0,0,
9,3,2pm,4,4pm,67.900000000000006,mag,primary,0,0,path_energy_composition,,,,,,,,,,,,,,,,not_applicable_single_path
9,3,2pm,4,4pm,67.900000000000006,mag,primary,0,1,within_path_shape,0.14311516426291351,0.14311516426291351,0.08815267628759077,0.11009825036488596,9.895857471786762e-14,8.9025616247144058e-14,0.14104084185112439,1.0147072463873881,False,55,330,0,0,0,0,
9,3,2pm,4,4pm,67.900000000000006,mag,primary,0,1,path_energy_composition,0.41577305800901937,0.41577305800901937,0.28379199027196977,0.10704565826914497,2.5085535686957418e-13,1.6856645703317102e-13,0.30330952292468555,1.3707880121926126,False,55,55,0,0,0,0,
9,3,2pm,4,4pm,67.900000000000006,mag,primary,0,2,within_path_shape,0.17961307761614351,0.17961307761614351,0.13066328933699867,0.084073120602191714,1.8844189589194263e-13,1.3125471341367533e-13,0.15537433761131503,1.1560022097436977,False,686,4116,0,8,0,0,
9,3,2pm,4,4pm,67.900000000000006,mag,primary,0,2,path_energy_composition,0.2526744136343016,0.2526744136343016,0.20216387667529109,0.12234242486980987,2.2193297157091858e-13,1.1648305775457469e-13,0.23630044848752907,1.0692929922544632,False,686,686,0,8,0,0,
9,3,2pm,4,4pm,67.900000000000006,mag,primary,1,0,within_path_shape,0.38814715753147683,0.38814715753147683,0.20017097722308605,0.10516337126001074,2.2334643240584148e-13,1.3827278712602989e-13,0.22611447272834193,1.7165958147128597,False,1,5,0,0,0,0,
9,3,2pm,4,4pm,67.900000000000006,mag,primary,1,0,path_energy_composition,,,,,,,,,,,,,,,,not_applicable_single_path
9,3,2pm,4,4pm,67.900000000000006,mag,primary,1,1,within_path_shape,0.039105084132569398,0.039105084132569398,0.032121793211009012,0.031689583120154893,3.5849586344850872e-14,2.9998596714975598e-14,0.045122491923873513,0.86664283077592152,False,54,270,0,0,0,0,
9,3,2pm,4,4pm,67.900000000000006,mag,primary,1,1,path_energy_composition,0.48499193275799235,0.48499193275799235,0.26183348163704889,0.10502937826240863,2.6451973627697269e-13,1.6963669310395451e-13,0.28211335027674062,1.7191385387548548,False,54,54,0,0,0,0,
9,3,2pm,4,4pm,67.900000000000006,mag,primary,1,2,within_path_shape,0.038703372656792377,0.038703372656792377,0.036529467556046198,0.025424580522158013,3.977842342897603e-14,2.951429219020861e-14,0.044506306234689132,0.8696154754497728,False,411,2055,0,0,0,0,
9,3,2pm,4,4pm,67.900000000000006,mag,primary,1,2,path_energy_composition,0.21064631279894253,0.21064631279894253,0.18676380799220327,0.096692097728005591,1.7131383197782258e-13,1.0800229047575851e-13,0.21030949036786417,1.0016015560234073,False,411,411,0,0,0,0,
9,3,2pm,4,4pm,67.900000000000006,mag,primary,2,0,within_path_shape,0.45248735364180215,0.45248735364180215,0.16384434556550292,0.1681701029050639,1.5024291618583435e-13,2.1656935381411873e-13,0.23478959322101078,1.9272036185005412,False,1,5,0,0,0,0,
9,3,2pm,4,4pm,67.900000000000006,mag,primary,2,0,path_energy_composition,,,,,,,,,,,,,,,,not_applicable_single_path
9,3,2pm,4,4pm,67.900000000000006,mag,primary,2,1,within_path_shape,0.017059479493319762,0.017059479493319762,0.011868660603263092,0.011766745189713802,1.3468471372404204e-14,1.1849086540336746e-14,0.016712911083204576,1.0207365675787905,False,43,215,0,0,0,0,
9,3,2pm,4,4pm,67.900000000000006,mag,primary,2,1,path_energy_composition,0.4257128657427538,0.4257128657427538,0.24901194662457118,0.10181473354269627,2.4206099751743863e-13,1.4459627672029251e-13,0.26902265616138826,1.5824424300062154,False,43,43,0,0,0,0,
9,3,2pm,4,4pm,67.900000000000006,mag,primary,2,2,within_path_shape,0.010226353454571128,0.010226353454571128,0.010778593142041104,0.008201953317337609,1.2085038771203279e-14,9.903939689665638e-15,0.013544375524232963,0.75502583609518314,False,305,1525,0,0,0,0,
9,3,2pm,4,4pm,67.900000000000006,mag,primary,2,2,path_energy_composition,0.19058975142036413,0.19058975142036413,0.14508951346099827,0.081673692403323089,1.5885892830737611e-13,8.9284752450701418e-14,0.16649792475325881,1.1446974591593748,False,305,305,0,0,0,0,
9,3,2pm,4,4pm,67.900000000000006,iq,sensitivity,0,0,within_path_shape,1.3843712901523135,1.3843712901523135,0.070459378239941167,0.14828004388397747,1.0540180754341777e-13,1.4908109341706044e-13,0.16416910609549346,8.43259321487111,False,1,12,0,0,0,0,
9,3,2pm,4,4pm,67.900000000000006,iq,sensitivity,0,0,path_energy_composition,,,,,,,,,,,,,,,,not_applicable_single_path
9,3,2pm,4,4pm,67.900000000000006,iq,sensitivity,0,1,within_path_shape,0.29967406643332806,0.29967406643332806,0.097524704103555473,0.1052591160811516,1.3043216501384252e-13,9.9935063492283902e-14,0.14349407454202209,2.0884072557683822,False,55,660,0,0,0,0,
9,3,2pm,4,4pm,67.900000000000006,iq,sensitivity,0,1,path_energy_composition,0.19130159298637969,0.19130159298637969,0.04716062812357931,0.023524556216949433,5.7034931983476349e-14,1.6847507230348542e-14,0.052702273102921797,3.6298546860168353,False,55,55,0,0,0,0,
9,3,2pm,4,4pm,67.900000000000006,iq,sensitivity,0,2,within_path_shape,0.37449631844101888,0.37449631844101888,0.22235207715815991,0.14549497197571995,3.0028221164163035e-13,1.217021111512877e-13,0.26572397913391976,1.4093433331143967,False,686,8232,0,0,0,0,
9,3,2pm,4,4pm,67.900000000000006,iq,sensitivity,0,2,path_energy_composition,0.21497807606638808,0.21497807606638808,0.10041775892498497,0.082716229991013454,1.2489032637711486e-13,6.7040309615834147e-14,0.13009881249051675,1.6524215090899343,False,686,686,0,0,0,0,
9,3,2pm,4,4pm,67.900000000000006,iq,sensitivity,1,0,within_path_shape,1.3773088128506417,1.3773088128506417,0.035231624862427868,0.16838652499920395,9.3217405654170201e-14,1.7327276847140054e-13,0.17203281428772357,8.0060819707750817,False,1,10,0,0,0,0,
9,3,2pm,4,4pm,67.900000000000006,iq,sensitivity,1,0,path_energy_composition,,,,,,,,,,,,,,,,not_applicable_single_path
9,3,2pm,4,4pm,67.900000000000006,iq,sensitivity,1,1,within_path_shape,0.29197101715011253,0.29197101715011253,0.13575848746917232,0.11554236609450994,1.7623173362839593e-13,9.6732230486053388e-14,0.17827059567588588,1.6377968337579665,False,54,540,0,0,0,0,
9,3,2pm,4,4pm,67.900000000000006,iq,sensitivity,1,1,path_energy_composition,0.260959656128611,0.260959656128611,0.062982985012450435,0.033066605388677318,9.2938716805839764e-14,3.2066828387570025e-14,0.071135481955273624,3.6684879184861523,False,54,54,0,0,0,0,
9,3,2pm,4,4pm,67.900000000000006,iq,sensitivity,1,2,within_path_shape,0.33414750574601182,0.33414750574601182,0.19654003585596011,0.11877101033251511,2.5639646208861697e-13,9.9581578092244103e-14,0.22964001957339339,1.4550926548724563,False,411,4110,0,0,0,0,
9,3,2pm,4,4pm,67.900000000000006,iq,sensitivity,1,2,path_energy_composition,0.12505406103102798,0.12505406103102798,0.059730162870657716,0.089786400948158498,1.1286757832914866e-13,7.802986974752149e-14,0.10783918653151449,1.159634684322129,False,411,411,0,0,0,0,
9,3,2pm,4,4pm,67.900000000000006,iq,sensitivity,2,0,within_path_shape,1.3123775372658062,1.3123775372658062,0.029128202168741887,0.16516728922394644,8.6049367609817857e-14,2.10366591611229e-13,0.16771608626237935,7.8249950050270609,False,1,10,0,0,0,0,
9,3,2pm,4,4pm,67.900000000000006,iq,sensitivity,2,0,path_energy_composition,,,,,,,,,,,,,,,,not_applicable_single_path
9,3,2pm,4,4pm,67.900000000000006,iq,sensitivity,2,1,within_path_shape,0.29449627234044751,0.29449627234044751,0.14972884015019139,0.11184299330548442,1.9486321465940399e-13,9.1291471066732914e-14,0.18688922046028283,1.5757798743830334,False,43,430,0,0,0,0,
9,3,2pm,4,4pm,67.900000000000006,iq,sensitivity,2,1,path_energy_composition,0.20444082729983137,0.20444082729983137,0.049100864538408243,0.029339783859588409,7.3331216901050593e-14,2.7696226086837035e-14,0.057198931942357811,3.5742070762065365,False,43,43,0,0,0,0,
9,3,2pm,4,4pm,67.900000000000006,iq,sensitivity,2,2,within_path_shape,0.33316666834582498,0.33316666834582498,0.22235855316409603,0.10654416982084999,2.5751763809972427e-13,9.5921862800862574e-14,0.2465663932656765,1.3512249740654487,False,305,3050,0,0,0,0,
9,3,2pm,4,4pm,67.900000000000006,iq,sensitivity,2,2,path_energy_composition,0.13576265572006188,0.13576265572006188,0.077340086261231414,0.078942940995084782,1.225940180807778e-13,6.5411457843583409e-14,0.11051460028361933,1.2284590033502105,False,305,305,0,0,0,0,
10,0,8am,1,10am,88.200000000000003,mag,primary,0,0,within_path_shape,0.93780313651316338,0.93780313651316338,0.082160101816459469,0.11475982179161684,1.3262852080502892e-13,1.1840987652146379e-13,0.14113858093425286,6.6445555163263537,False,1,6,0,0,0,0,
10,0,8am,1,10am,88.200000000000003,mag,primary,0,0,path_energy_composition,,,,,,,,,,,,,,,,not_applicable_single_path
10,0,8am,1,10am,88.200000000000003,mag,primary,0,1,within_path_shape,0.16130562870270879,0.16130562870270879,0.064722485227345819,0.041699632406803341,1.2199152158436046e-13,6.1220995053332091e-14,0.076992593389666533,2.0950798200331593,False,55,330,0,0,0,0,
10,0,8am,1,10am,88.200000000000003,mag,primary,0,1,path_energy_composition,0.27452279750726161,0.27452279750726161,0.12378718740288316,0.11156121436457522,1.4874100373357979e-13,1.5256633774607256e-13,0.16664084828041179,1.6473919830587604,False,55,55,0,0,0,0,
10,0,8am,1,10am,88.200000000000003,mag,primary,0,2,within_path_shape,0.21698830442686604,0.21698830442686604,0.10871341538243376,0.11614660445142375,1.7967150353451727e-13,1.5368574184612239e-13,0.15908689578249074,1.363960892942057,False,686,4116,2,5,0,0,
10,0,8am,1,10am,88.200000000000003,mag,primary,0,2,path_energy_composition,0.44613559858937191,0.44613559858937191,0.32094874966923753,0.033847786329726334,3.8784120113360607e-13,4.162306906362078e-14,0.32272863609179414,1.3823861557251986,False,686,686,2,5,0,0,
10,0,8am,1,10am,88.200000000000003,mag,primary,1,0,within_path_shape,1.3507067869405764,1.3507067869405764,0.082360797850280235,0.2164246317448745,1.0264383182485354e-13,2.2999533469314562e-13,0.23156623728091119,5.8329176256469744,False,1,5,0,0,0,0,
10,0,8am,1,10am,88.200000000000003,mag,primary,1,0,path_energy_composition,,,,,,,,,,,,,,,,not_applicable_single_path
10,0,8am,1,10am,88.200000000000003,mag,primary,1,1,within_path_shape,0.040752895166973994,0.040752895166973994,0.019082720076314785,0.015685261256298676,3.8262800681108223e-14,2.115482666217178e-14,0.024701773745812904,1.6497963096225772,False,54,270,0,0,0,0,
10,0,8am,1,10am,88.200000000000003,mag,primary,1,1,path_energy_composition,0.69930175339269696,0.69930175339269696,0.11825051975124837,0.1325252184545026,1.6206024127393685e-13,1.6048229614560487e-13,0.17761227138870223,3.9372378266718062,False,54,54,0,0,0,0,
10,0,8am,1,10am,88.200000000000003,mag,primary,1,2,within_path_shape,0.05178427322119588,0.05178427322119588,0.024472250388031119,0.016150664936111662,3.9964787050869434e-14,2.4184437006454508e-14,0.029321238325368114,1.7661011668935287,False,411,2055,0,0,0,0,
10,0,8am,1,10am,88.200000000000003,mag,primary,1,2,path_energy_composition,0.29161323631995539,0.29161323631995539,0.26423551362239706,0.031140249737168245,2.6516889538732919e-13,3.8900809137505571e-14,0.26606413101540988,1.0960261167374936,False,411,411,0,0,0,0,
10,0,8am,1,10am,88.200000000000003,mag,primary,2,0,within_path_shape,1.6155563435818505,1.6155563435818505,0.03757462182533005,0.40736122188249646,4.9854929585804952e-14,4.276434421290165e-13,0.40909047568834583,3.9491419125890799,False,1,5,0,0,0,0,
10,0,8am,1,10am,88.200000000000003,mag,primary,2,0,path_energy_composition,,,,,,,,,,,,,,,,not_applicable_single_path
10,0,8am,1,10am,88.200000000000003,mag,primary,2,1,within_path_shape,0.017208303795715387,0.017208303795715387,0.0069299189314020234,0.0056435967779765884,1.499656488670113e-14,8.1794876395228846e-15,0.0089372233377146785,1.9254642236696853,False,43,215,0,0,0,0,
10,0,8am,1,10am,88.200000000000003,mag,primary,2,1,path_energy_composition,0.60741058332578823,0.60741058332578823,0.13173188362225036,0.11554983506464711,1.757191138344465e-13,1.4588898984735341e-13,0.17522857514153695,3.4663900156419465,False,43,43,0,0,0,0,
10,0,8am,1,10am,88.200000000000003,mag,primary,2,2,within_path_shape,0.011218666013234844,0.011218666013234844,0.0061532347845953623,0.004085360450946195,1.2327435710093643e-14,6.6672717602560032e-15,0.0073859642788541586,1.5189169064022716,False,305,1525,0,0,0,0,
10,0,8am,1,10am,88.200000000000003,mag,primary,2,2,path_energy_composition,0.2868019979480948,0.2868019979480948,0.26446595641065751,0.024545571212154157,2.5115902768583763e-13,2.9756831964631705e-14,0.26560257371933488,1.0798163358581065,False,305,305,0,0,0,0,
10,0,8am,1,10am,88.200000000000003,iq,sensitivity,0,0,within_path_shape,1.2856952085739639,1.2856952085739639,0.24660809637347963,0.32737180187491854,4.8160837581276955e-13,3.5019057203522931e-13,0.4098632087169844,3.1368885550831482,False,1,12,0,0,0,0,
10,0,8am,1,10am,88.200000000000003,iq,sensitivity,0,0,path_energy_composition,,,,,,,,,,,,,,,,not_applicable_single_path
10,0,8am,1,10am,88.200000000000003,iq,sensitivity,0,1,within_path_shape,0.6052019081257054,0.6052019081257054,0.070564759853720585,0.16774032054451271,1.379960429760154e-13,1.7166518172381112e-13,0.1819785714571612,3.3256767721587122,False,55,660,0,0,0,0,
10,0,8am,1,10am,88.200000000000003,iq,sensitivity,0,1,path_energy_composition,0.19407062179998566,0.19407062179998566,0.027474279697304892,0.036556164255882269,4.2566830732979493e-14,8.2206734469286138e-14,0.045729522083537942,4.2438803853112796,False,55,55,0,0,0,0,
10,0,8am,1,10am,88.200000000000003,iq,sensitivity,0,2,within_path_shape,0.52659259387670765,0.52659259387670765,0.096175207236727747,0.40251285082278626,1.5621533225124841e-13,3.5203219270524077e-13,0.4138432862382983,1.2724444527378083,False,686,8232,0,43,0,0,
10,0,8am,1,10am,88.200000000000003,iq,sensitivity,0,2,path_energy_composition,0.15015131034964987,0.15015131034964987,0.039725188473086488,0.083290495227349867,6.5130458299578665e-14,8.8411755542472714e-14,0.09227890980304998,1.6271465567822205,False,686,686,0,43,0,0,
10,0,8am,1,10am,88.200000000000003,iq,sensitivity,1,0,within_path_shape,1.6140017459470488,1.6140017459470488,0.30704946391537841,0.31676060008644624,5.2684469566850133e-13,3.0662986857011144e-13,0.44115377257578431,3.6585921877609806,False,1,10,0,0,0,0,
10,0,8am,1,10am,88.200000000000003,iq,sensitivity,1,0,path_energy_composition,,,,,,,,,,,,,,,,not_applicable_single_path
10,0,8am,1,10am,88.200000000000003,iq,sensitivity,1,1,within_path_shape,0.51569617317536942,0.51569617317536942,0.069318816364995456,0.2211942328141438,1.0877417117887672e-13,2.0868624082026836e-13,0.23180161115160872,2.2247307540847112,False,54,540,0,0,0,0,
10,0,8am,1,10am,88.200000000000003,iq,sensitivity,1,1,path_energy_composition,0.21446345772051209,0.21446345772051209,0.036239993880817098,0.047383408206545026,5.2646899227110106e-14,9.3218561366662252e-14,0.059653369810512294,3.5951608165934443,False,54,54,0,0,0,0,
10,0,8am,1,10am,88.200000000000003,iq,sensitivity,1,2,within_path_shape,0.48187467618299495,0.48187467618299495,0.077545188823763156,0.27595659032467912,9.9754398201089689e-14,2.7294768777169873e-13,0.28664489539033461,1.6810858450027828,False,411,4110,0,0,0,0,
10,0,8am,1,10am,88.200000000000003,iq,sensitivity,1,2,path_energy_composition,0.092448375004266101,0.092448375004266101,0.028129944124701795,0.04316836924422468,4.3624720000354783e-14,6.4409140970593333e-14,0.051524769380023122,1.7942511168251756,False,411,411,0,0,0,0,
10,0,8am,1,10am,88.200000000000003,iq,sensitivity,2,0,within_path_shape,1.7771256552244461,1.7771256552244461,0.37670549438681455,0.3716594567599425,5.4827859739788726e-13,2.6279326729995557e-13,0.52918596098187443,3.3582252483174169,False,1,10,0,0,0,0,
10,0,8am,1,10am,88.200000000000003,iq,sensitivity,2,0,path_energy_composition,,,,,,,,,,,,,,,,not_applicable_single_path
10,0,8am,1,10am,88.200000000000003,iq,sensitivity,2,1,within_path_shape,0.46438941817777879,0.46438941817777879,0.069401483177151307,0.22272616299370035,1.0649010833418419e-13,2.144076869846334e-13,0.23328846853002569,1.9906231161100403,False,43,430,0,0,0,0,
10,0,8am,1,10am,88.200000000000003,iq,sensitivity,2,1,path_energy_composition,0.21030283301100713,0.21030283301100713,0.029621841848297512,0.045342394042198725,4.6516936897375017e-14,8.4331287956702556e-14,0.054160744196914135,3.8829383925450078,False,43,43,0,0,0,0,
10,0,8am,1,10am,88.200000000000003,iq,sensitivity,2,2,within_path_shape,0.4552059991356448,0.4552059991356448,0.073221458440642706,0.22997567982094935,9.3332193908407911e-14,2.4078105126319503e-13,0.24135077229062801,1.88607641407295,False,305,3050,0,0,0,0,
10,0,8am,1,10am,88.200000000000003,iq,sensitivity,2,2,path_energy_composition,0.098420727625925145,0.098420727625925145,0.021945580562134477,0.050569743160254157,3.3963521770094584e-14,6.1478404807699008e-14,0.055126286193640933,1.7853683681901724,False,305,305,0,0,0,0,
11,3,2pm,4,4pm,50.100000000000001,mag,primary,0,0,within_path_shape,0.37172077127231445,0.37172077127231445,0.064639930823337105,0.4313472922352477,1.799373489717806e-13,3.1761718068237831e-13,0.43616373895078209,0.8522505152915989,False,1,6,0,0,0,0,
11,3,2pm,4,4pm,50.100000000000001,mag,primary,0,0,path_energy_composition,,,,,,,,,,,,,,,,not_applicable_single_path
11,3,2pm,4,4pm,50.100000000000001,mag,primary,0,1,within_path_shape,0.23926088461334774,0.23926088461334774,0.088504080226482887,0.20282787661126334,8.1910381950367783e-14,1.4648105382832301e-13,0.22129645217980695,1.0811781312198552,False,55,330,0,0,0,0,
11,3,2pm,4,4pm,50.100000000000001,mag,primary,0,1,path_energy_composition,0.63330585011923224,0.63330585011923224,0.23307576404817951,0.19737602000950832,2.1467196639213891e-13,2.0895507091265508e-13,0.30542037433910085,2.07355469159398,False,55,55,0,0,0,0,
11,3,2pm,4,4pm,50.100000000000001,mag,primary,0,2,within_path_shape,0.32949392418594131,0.32949392418594131,0.11665651971649009,0.1797115728316771,1.2155328192252881e-13,1.7984028280430688e-13,0.21425450520817299,1.5378622907639674,False,686,4116,0,0,0,0,
11,3,2pm,4,4pm,50.100000000000001,mag,primary,0,2,path_energy_composition,0.22359323300722464,0.22359323300722464,0.090175593544692276,0.15027957494317401,7.1097228264355609e-14,1.719909588313509e-13,0.17525863264398306,1.2757901259073927,False,686,686,0,0,0,0,
11,3,2pm,4,4pm,50.100000000000001,mag,primary,1,0,within_path_shape,0.71589938935009678,0.71589938935009678,0.078979963479171272,0.8176788346392253,2.4976877982777599e-13,5.7614439047067994e-13,0.82148433414650879,0.87147053156392718,False,1,5,0,0,0,0,
11,3,2pm,4,4pm,50.100000000000001,mag,primary,1,0,path_energy_composition,,,,,,,,,,,,,,,,not_applicable_single_path
11,3,2pm,4,4pm,50.100000000000001,mag,primary,1,1,within_path_shape,0.072064190099745087,0.072064190099745087,0.02930201802108838,0.06776810035913905,2.738069360950012e-14,4.6958527696255636e-14,0.073831725473501766,0.97605994763875525,False,54,270,0,0,0,0,
11,3,2pm,4,4pm,50.100000000000001,mag,primary,1,1,path_energy_composition,0.5826153478691154,0.5826153478691154,0.28591532041106615,0.17133876544112747,2.6166689029587997e-13,2.0053432382775462e-13,0.33332348100404258,1.7478977061986503,False,54,54,0,0,0,0,
11,3,2pm,4,4pm,50.100000000000001,mag,primary,1,2,within_path_shape,0.061395273508879994,0.061395273508879994,0.027682516235305456,0.054179261589717809,2.739368540126472e-14,4.6226646967029136e-14,0.060841713417071196,1.0090983646041349,False,411,2055,0,0,0,0,
11,3,2pm,4,4pm,50.100000000000001,mag,primary,1,2,path_energy_composition,0.1974656420673776,0.1974656420673776,0.077744905005312365,0.13220702982703122,5.8428997223128582e-14,1.476490645561821e-13,0.15337199545539781,1.2874947703526665,False,411,411,0,0,0,0,
11,3,2pm,4,4pm,50.100000000000001,mag,primary,2,0,within_path_shape,1.3373752324212207,1.3373752324212207,0.070597754346839764,1.4328962504476861,2.129365726678959e-13,6.5043598487749729e-13,1.4346343462589535,0.93220633948200671,False,1,5,0,0,0,0,
11,3,2pm,4,4pm,50.100000000000001,mag,primary,2,0,path_energy_composition,,,,,,,,,,,,,,,,not_applicable_single_path
11,3,2pm,4,4pm,50.100000000000001,mag,primary,2,1,within_path_shape,0.025894779589350037,0.025894779589350037,0.011828022170488528,0.023613515238900103,1.0791437327727527e-14,1.7810676479782924e-14,0.026410229275857025,0.98048295298298727,False,43,215,0,0,0,0,
11,3,2pm,4,4pm,50.100000000000001,mag,primary,2,1,path_energy_composition,0.5686227240225008,0.5686227240225008,0.24198863395311837,0.14089426128570287,2.1392874570159479e-13,1.7496785969436539e-13,0.2800173062968434,2.0306699308781644,False,43,43,0,0,0,0,
11,3,2pm,4,4pm,50.100000000000001,mag,primary,2,2,within_path_shape,0.018197673283724972,0.018197673283724972,0.0083332029069352418,0.017278105343684892,7.823823788848982e-15,1.4399134660179685e-14,0.019182679556194081,0.9486512679532797,False,305,1525,0,0,0,0,
11,3,2pm,4,4pm,50.100000000000001,mag,primary,2,2,path_energy_composition,0.16802175965402463,0.16802175965402463,0.05926650972408401,0.10601146263963064,4.2978394862918633e-14,1.1880647626023318e-13,0.12145348651178667,1.3834247536213682,False,305,305,0,0,0,0,
11,3,2pm,4,4pm,50.100000000000001,iq,sensitivity,0,0,within_path_shape,1.1927487347277759,1.1927487347277759,0.37554292460249339,0.66178037479264951,4.0988269803365962e-13,4.514272137920616e-13,0.76091113323416004,1.5675269852579798,False,1,12,0,0,0,0,
11,3,2pm,4,4pm,50.100000000000001,iq,sensitivity,0,0,path_energy_composition,,,,,,,,,,,,,,,,not_applicable_single_path
11,3,2pm,4,4pm,50.100000000000001,iq,sensitivity,0,1,within_path_shape,0.30229451148842496,0.30229451148842496,0.15944912971871489,0.20177056692472833,2.09246478703202e-13,1.9975593946663854e-13,0.25716801248441035,1.1754747745182741,False,55,660,0,0,0,0,
11,3,2pm,4,4pm,50.100000000000001,iq,sensitivity,0,1,path_energy_composition,0.12194092049559531,0.12194092049559531,0.10983261244495673,0.12449886233083354,1.1678007018807954e-13,1.3640842994268666e-13,0.16602159340927888,0.73448831559509697,False,55,55,0,0,0,0,
11,3,2pm,4,4pm,50.100000000000001,iq,sensitivity,0,2,within_path_shape,0.49274385388727882,0.49274385388727882,0.26894586190142555,0.29093297059341705,2.9202337970552585e-13,2.655583602650635e-13,0.39619928068108701,1.2436768008266614,False,686,8232,0,0,0,0,
11,3,2pm,4,4pm,50.100000000000001,iq,sensitivity,0,2,path_energy_composition,0.12179281462020534,0.12179281462020534,0.075550722918766189,0.086461577860139346,7.3814535483054912e-14,9.8934565994965502e-14,0.11481949390070104,1.0607328989407934,False,686,686,0,0,0,0,
11,3,2pm,4,4pm,50.100000000000001,iq,sensitivity,1,0,within_path_shape,1.1452613112736019,1.1452613112736019,0.41192896664354361,0.59844852261664994,4.5515454898627111e-13,4.0230113791343881e-13,0.72651641948552592,1.5763736105022998,False,1,10,0,0,0,0,
11,3,2pm,4,4pm,50.100000000000001,iq,sensitivity,1,0,path_energy_composition,,,,,,,,,,,,,,,,not_applicable_single_path
11,3,2pm,4,4pm,50.100000000000001,iq,sensitivity,1,1,within_path_shape,0.3718633314419949,0.3718633314419949,0.17088054478610232,0.17906979575077281,1.9258487393437396e-13,2.0375194832072951e-13,0.24752000391204468,1.5023566805296884,False,54,540,0,0,0,0,
11,3,2pm,4,4pm,50.100000000000001,iq,sensitivity,1,1,path_energy_composition,0.19405205841011247,0.19405205841011247,0.10098784190320537,0.12390038025572482,1.0716403105392111e-13,1.4078317226101829e-13,0.15984319954186355,1.2140151033406303,False,54,54,0,0,0,0,
11,3,2pm,4,4pm,50.100000000000001,iq,sensitivity,1,2,within_path_shape,0.46764836700939549,0.46764836700939549,0.19016869113784335,0.18904922724896794,2.1293725784559034e-13,2.171262567497359e-13,0.2681487300221882,1.743988744495264,False,411,4110,0,0,0,0,
11,3,2pm,4,4pm,50.100000000000001,iq,sensitivity,1,2,path_energy_composition,0.08600378996483389,0.08600378996483389,0.053716442303945428,0.05957719400284562,5.0769923264467583e-14,7.7990742819273547e-14,0.080217817341571948,1.0721282729324952,False,411,411,0,0,0,0,
11,3,2pm,4,4pm,50.100000000000001,iq,sensitivity,2,0,within_path_shape,0.90562367325746107,0.90562367325746107,0.44353758252506009,0.45903253671606692,4.9245311652416004e-13,3.7297392240916826e-13,0.63830749398402165,1.4187890347408814,False,1,10,0,0,0,0,
11,3,2pm,4,4pm,50.100000000000001,iq,sensitivity,2,0,path_energy_composition,,,,,,,,,,,,,,,,not_applicable_single_path
11,3,2pm,4,4pm,50.100000000000001,iq,sensitivity,2,1,within_path_shape,0.38393430614670615,0.38393430614670615,0.17731748530713548,0.17554043707590242,1.8955379638550919e-13,2.0520318336955933e-13,0.24951139381688578,1.5387445850608015,False,43,430,0,0,0,0,
11,3,2pm,4,4pm,50.100000000000001,iq,sensitivity,2,1,path_energy_composition,0.19566777801365939,0.19566777801365939,0.089500497628020481,0.097381529897163338,9.5771028859226525e-14,1.1981286323110857e-13,0.13226300102740532,1.479384079400379,False,43,43,0,0,0,0,
11,3,2pm,4,4pm,50.100000000000001,iq,sensitivity,2,2,within_path_shape,0.47541344232705102,0.47541344232705102,0.19175510593593698,0.16404915428383515,2.0615977355382876e-13,1.9432742722294959e-13,0.25235321609550365,1.883920679446105,False,305,3050,0,0,0,0,
11,3,2pm,4,4pm,50.100000000000001,iq,sensitivity,2,2,path_energy_composition,0.079112065433831272,0.079112065433831272,0.043315773159888715,0.055926145375802643,4.0501881116055392e-14,7.2013169950096518e-14,0.070738885636079579,1.1183674258148202,False,305,305,0,0,0,0,
