subject,session_idx,session_name,rel_path,n_raw,n_pass,pass_fraction,fail_fraction,min_pass_existing_qc,eligible_existing_qc,n_fail_any,n_nan_inf,n_flatline,n_low_in_band,n_rms_flagged,rms_flag_fraction_defined,n_nonfinite_raw,block_0_n_pass,block_1_n_pass,block_2_n_pass,block_3_n_pass,block_4_n_pass,minimum_block_n_pass,raw_rms_median,raw_rms_mad,in_band_ratio_median,in_band_ratio_p10,in_band_ratio_p10_margin,energy_retention_median,energy_retention_mad,roi_to_total_median,roi_to_total_mad,peak_share_median,peak_share_mad,peak_bin_median,peak_bin_mad,peak_bin_iqr,peak_bin_mode,peak_bin_mode_share,peak_range_m_median,peak_range_m_mad,component_missing_reasons,audit_status,repeatability_missing_reason
1,0,8am,subject_1_8am.mat,100,35,0.34999999999999998,0.65000000000000002,50,False,65,0,0,65,89,0.89000000000000001,0,1,0,2,15,17,0,17.585538288053151,0.96038793421434576,0.26697924263346506,0.18677573040851453,-0.11322426959148546,0.15891300406825135,0.012708065552539199,0.88502258663330846,0.0070792157148888979,0.4595845336610076,0.0065250619256546627,5,0,0,5,0.97142857142857142,1.4970928426184582,0,{},INELIGIBLE_EXISTING_QC,ineligible_existing_qc
1,1,10am,subject_1_10am.mat,100,98,0.97999999999999998,0.02,50,True,2,0,0,2,89,0.89000000000000001,0,18,20,20,20,20,18,17.585538288053151,0.96038793421434576,0.53795001532984221,0.43334285631580111,0.13334285631580112,0.23160465324156068,0.047394311833718353,0.93148048170743492,0.0049621542077203373,0.47036904543298363,0.0081026455046543377,5,0,0,5,0.98979591836734693,1.4970928426184582,0,{},REPEATABILITY_ANALYSABLE,
1,2,12pm,subject_1_12pm.mat,100,100,1,0,50,True,0,0,0,0,60,0.59999999999999998,0,20,20,20,20,20,20,18.238516645582024,0.47574639413572584,0.68244525838632986,0.62333398906563309,0.3233339890656331,0.40971642606810965,0.035437474084517029,0.95198844802090021,0.00244418322029194,0.50266013421121247,0.0047968286389490356,5,0,0,5,1,1.4970928426184582,0,{},REPEATABILITY_ANALYSABLE,
1,3,2pm,subject_1_2pm.mat,100,100,1,0,50,True,0,0,0,0,91,0.91000000000000003,0,20,20,20,20,20,20,19.694998870961076,0.68463900210269557,0.40408832242802872,0.32833674097135951,0.02833674097135952,0.28019424390677672,0.036669130927908189,0.91480691618165122,0.01039499414511369,0.49345610979141685,0.021829000241001539,6,0,1,6,0.73999999999999999,1.7965114111421496,0,{},REPEATABILITY_ANALYSABLE,
1,4,4pm,subject_1_4pm.mat,100,1,0.01,0.98999999999999999,50,False,99,0,0,99,0,0,0,0,1,0,0,0,0,27.327506781204864,1.2734294279931131,0.22922826976880445,0.16773587150169267,-0.13226412849830732,0.15228608209494465,0,0.92637032797682795,0,0.47777665049874196,0,5,0,0,5,1,1.4970928426184582,0,{},INELIGIBLE_EXISTING_QC,ineligible_existing_qc
2,0,8am,subject_2_8am.mat,100,100,1,0,50,True,0,0,0,0,3,0.029999999999999999,0,20,20,20,20,20,20,32.375467464363339,1.204278601946152,0.34697828607507619,0.31436416118627075,0.014364161186270763,0.26074675529043367,0.011959102375801584,0.90646954663646473,0.0046263350308250462,0.57436534656672034,0.011068635220858658,6,0,0,6,1,1.7965114111421496,0,{},REPEATABILITY_ANALYSABLE,
2,1,10am,subject_2_10am.mat,100,100,1,0,50,True,0,0,0,0,26,0.26000000000000001,0,20,20,20,20,20,20,29.701210966690773,0.72597280324582592,0.69925031137029126,0.67050292499183273,0.37050292499183274,0.46942922116132235,0.017676733097801794,0.91722786418647728,0.002284883002885818,0.54906334301406012,0.0061103443542436797,6,0,0,6,1,1.7965114111421496,0,{},REPEATABILITY_ANALYSABLE,
2,2,12pm,subject_2_12pm.mat,100,100,1,0,50,True,0,0,0,0,76,0.76000000000000001,0,20,20,20,20,20,20,35.377027268963062,2.845582726022382,0.85195822041370761,0.75814459323646621,0.45814459323646622,0.48234701946681602,0.086090593024866546,0.86717042773970854,0.003540381795980152,0.61163773175023395,0.0038949256360882312,4,0,0,4,1,1.1976742740947666,0,{},REPEATABILITY_ANALYSABLE,
2,3,2pm,subject_2_2pm.mat,100,100,1,0,50,True,0,0,0,0,95,0.94999999999999996,0,20,20,20,20,20,20,29.662081693541325,0.99216820411877471,0.68410466657513003,0.59202368556037865,0.29202368556037867,0.49610117875736603,0.047094095207996595,0.90474492413529184,0.005100482948106666,0.57257269156108281,0.012618257510455144,6,0,0,6,1,1.7965114111421496,0,{},REPEATABILITY_ANALYSABLE,
2,4,4pm,subject_2_4pm.mat,100,100,1,0,50,True,0,0,0,0,87,0.87,0,20,20,20,20,20,20,23.614277763803024,1.3348598798724201,0.79095865482158367,0.7303999163944731,0.43039991639447311,0.53423905565964236,0.021945000942680204,0.95170623632196183,0.0022764325906568517,0.49543840529819072,0.0035756644174294583,5,0,0,5,1,1.4970928426184582,0,{},REPEATABILITY_ANALYSABLE,
3,0,8am,subject_3_8am.mat,100,100,1,0,50,True,0,0,0,0,5,0.050000000000000003,0,20,20,20,20,20,20,25.094514182651494,1.7338786303762213,0.49689063282044499,0.46578543775632508,0.16578543775632509,0.305558965970884,0.023978912016846904,0.96056885691936,0.0038854201663782728,0.51114654520902014,0.0072952744009649462,5,0,0,5,1,1.4970928426184582,0,{},REPEATABILITY_ANALYSABLE,
3,1,10am,subject_3_10am.mat,100,37,0.37,0.63,50,False,63,0,0,63,5,0.050000000000000003,0,14,8,0,10,5,0,15.028477437276951,1.0009334639260556,0.27047892490141401,0.18458277809148707,-0.11541722190851292,0.22162928132836932,0.036862663555110114,0.94432235647005158,0.012552910191820477,0.5058602686197049,0.01135316576451384,5,0,1,5,0.67567567567567566,1.4970928426184582,0,{},INELIGIBLE_EXISTING_QC,ineligible_existing_qc
3,2,12pm,subject_3_12pm.mat,100,99,0.98999999999999999,0.01,50,True,1,0,0,1,64,0.64000000000000001,0,20,20,20,20,19,19,12.509958126480361,0.65022197822792638,0.49881688483954889,0.3660202829895674,0.066020282989567414,0.25569541057800776,0.046516295005543662,0.93901174643485774,0.008005099827938289,0.49353445442933719,0.014012333897908957,5,0,0,5,0.93939393939393945,1.4970928426184582,0,{},REPEATABILITY_ANALYSABLE,
3,3,2pm,subject_3_2pm.mat,100,100,1,0,50,True,0,0,0,0,39,0.39000000000000001,0,20,20,20,20,20,20,19.903071477989016,1.5780331494063535,0.68342023222313031,0.63907942829149356,0.33907942829149357,0.51564563368570704,0.015856214828207177,0.9657761375873084,0.0013367829573713852,0.52447600931284177,0.0037333373332890107,5,0,0,5,1,1.4970928426184582,0,{},REPEATABILITY_ANALYSABLE,
3,4,4pm,subject_3_4pm.mat,100,100,1,0,50,True,0,0,0,0,81,0.81000000000000005,0,20,20,20,20,20,20,15.811123275765237,0.86703995397695266,0.79472213418678539,0.62991654722239609,0.32991654722239611,0.58734421210531895,0.06227236341484127,0.95934535704450052,0.0069668896788596113,0.51724147102125773,0.015735737749984879,5,0,0,5,1,1.4970928426184582,0,{},REPEATABILITY_ANALYSABLE,
4,0,8am,subject_4_8am.mat,100,96,0.95999999999999996,0.040000000000000001,50,True,4,0,0,4,19,0.19,0,18,20,18,20,20,18,19.515035549093831,1.1155415562737279,0.3669543481723973,0.32262654040374128,0.022626540403741291,0.23033958539736907,0.020957056181968303,0.96216179135944846,0.0028539170377102074,0.51260132100712263,0.0058356273295454564,5,0,0,5,1,1.4970928426184582,0,{},REPEATABILITY_ANALYSABLE,
4,1,10am,subject_4_10am.mat,100,97,0.96999999999999997,0.029999999999999999,50,True,3,0,0,3,59,0.58999999999999997,0,20,17,20,20,20,17,15.81146304413214,1.2981761017726292,0.53178469377030879,0.39852101395706269,0.098521013957062697,0.35678202200804587,0.060477104163642714,0.90175123267490109,0.0065354755350659488,0.58771065682568591,0.016919266303751068,6,0,0,6,1,1.7965114111421496,0,{},REPEATABILITY_ANALYSABLE,
4,2,12pm,subject_4_12pm.mat,100,66,0.66000000000000003,0.34000000000000002,50,True,34,0,0,34,100,1,0,13,13,14,14,12,12,15.952617631753366,0.45755705421513415,0.3901711864626784,0.23300456605461889,-0.0669954339453811,0.37297937677388121,0.067463137798376566,0.82744175546114418,0.01478108434312303,0.72853799205264491,0.023267263060812726,6,0,0,6,1,1.7965114111421496,0,{},REPEATABILITY_ANALYSABLE,
4,3,2pm,subject_4_2pm.mat,100,35,0.34999999999999998,0.65000000000000002,50,False,65,0,0,65,100,1,0,10,7,9,2,7,2,9.8432991169616262,0.33087799609560076,0.27614033929404436,0.2119409741040684,-0.088059025895931592,0.13414514390587165,0.01391053475395021,0.8842659123789024,0.024277912323062645,0.48034900938721992,0.02511624248602079,6,0,1,6,0.54285714285714282,1.7965114111421496,0,{},INELIGIBLE_EXISTING_QC,ineligible_existing_qc
4,4,4pm,subject_4_4pm.mat,100,92,0.92000000000000004,0.080000000000000002,50,True,8,0,0,8,30,0.29999999999999999,0,20,20,17,20,15,15,12.837547091513356,1.6200317536157307,0.53613243672573763,0.32026807592346029,0.020268075923460305,0.34906814398810115,0.042048509723482563,0.9272711525588585,0.010512638255469942,0.49667504038426713,0.013257652987051088,6,0,1,6,0.61956521739130432,1.7965114111421496,0,{},REPEATABILITY_ANALYSABLE,
5,0,8am,subject_5_8am.mat,100,100,1,0,50,True,0,0,0,0,4,0.040000000000000001,0,20,20,20,20,20,20,13.672471545036004,0.71843705508478273,0.39626649304168643,0.36599252034420465,0.065992520344204664,0.20314423147414312,0.016389610509369379,0.85879693015152592,0.0046547763505405126,0.40987484321112955,0.015699006453533837,6,0,1,6,0.53000000000000003,1.7965114111421496,0,{},REPEATABILITY_ANALYSABLE,
5,1,10am,subject_5_10am.mat,100,100,1,0,50,True,0,0,0,0,8,0.080000000000000002,0,20,20,20,20,20,20,15.104016388888727,0.57434279654590892,0.46636901327061386,0.41928662258809951,0.11928662258809952,0.17891749447231295,0.012431077966082976,0.94291531202455847,0.0061069980721813466,0.48519309205524441,0.009020353151968169,5,0,0,5,1,1.4970928426184582,0,{},REPEATABILITY_ANALYSABLE,
5,2,12pm,subject_5_12pm.mat,100,100,1,0,50,True,0,0,0,0,42,0.41999999999999998,0,20,20,20,20,20,20,15.432831321375311,1.1036519973568391,0.53636686182927074,0.49846666904042713,0.19846666904042715,0.2412338431249994,0.012951586416437649,0.84200247213275958,0.0074647670327375737,0.50201958024377547,0.069088418309983579,6,0,0,6,0.88,1.7965114111421496,0,{},REPEATABILITY_ANALYSABLE,
5,3,2pm,subject_5_2pm.mat,100,39,0.39000000000000001,0.60999999999999999,50,False,61,0,0,61,82,0.81999999999999995,0,20,11,8,0,0,0,10.791045069334688,0.64038907093051733,0.28343504288264143,0.21094146001929864,-0.089058539980701346,0.14070605786905166,0.0094262195095796419,0.85308922352898686,0.039380066168618999,0.53983771777585776,0.023216599150086337,4,0,1,4,0.64102564102564108,1.1976742740947666,0,{},INELIGIBLE_EXISTING_QC,ineligible_existing_qc
5,4,4pm,subject_5_4pm.mat,100,100,1,0,50,True,0,0,0,0,99,0.98999999999999999,0,20,20,20,20,20,20,11.790972274581311,0.44163441460940511,0.51654331806139897,0.49484613723377774,0.19484613723377775,0.094796047114062587,0.010406500143816992,0.95705231526927292,0.0044428449130497483,0.53244907287176757,0.013446339965365872,5,0,0,5,1,1.4970928426184582,0,{},REPEATABILITY_ANALYSABLE,
6,0,8am,subject_6_8am.mat,100,0,0,1,50,False,100,0,0,100,1,0.01,0,0,0,0,0,0,0,13.547067166024785,0.54250194320394662,0.20798158407454131,0.16597922981975058,-0.13402077018024941,,,,,,,,,,,,,,"{""energy_retention_mad"":""no_qc_passing_frames"",""energy_retention_median"":""no_qc_passing_frames"",""peak_bin_iqr"":""no_qc_passing_frames"",""peak_bin_mad"":""no_qc_passing_frames"",""peak_bin_median"":""no_qc_passing_frames"",""peak_bin_mode"":""no_qc_passing_frames"",""peak_bin_mode_share"":""no_qc_passing_frames"",""peak_range_m_mad"":""no_qc_passing_frames"",""peak_range_m_median"":""no_qc_passing_frames"",""peak_share_mad"":""no_qc_passing_frames"",""peak_share_median"":""no_qc_passing_frames"",""roi_to_total_mad"":""no_qc_passing_frames"",""roi_to_total_median"":""no_qc_passing_frames""}",INELIGIBLE_EXISTING_QC,ineligible_existing_qc
6,1,10am,subject_6_10am.mat,100,100,1,0,50,True,0,0,0,0,91,0.91000000000000003,0,20,20,20,20,20,20,11.689487885977552,0.55403813022743265,0.62894543397262681,0.58853981692997115,0.28853981692997116,0.3023057990350897,0.021641145302491949,0.97080445497506451,0.0065978636914664213,0.54987630705232682,0.0095281219261701966,5,0,0,5,1,1.4970928426184582,0,{},REPEATABILITY_ANALYSABLE,
6,2,12pm,subject_6_12pm.mat,100,100,1,0,50,True,0,0,0,0,60,0.59999999999999998,0,20,20,20,20,20,20,14.467424440204619,2.3699104789988095,0.73744387489109375,0.49475632344936726,0.19475632344936727,0.45463557320146852,0.072149047181425896,0.94477725258948075,0.0093870203450571732,0.49516635134498876,0.013820262701517927,5,0,0,5,0.73999999999999999,1.4970928426184582,0,{},REPEATABILITY_ANALYSABLE,
6,3,2pm,subject_6_2pm.mat,100,100,1,0,50,True,0,0,0,0,100,1,0,20,20,20,20,20,20,14.602703337240257,1.0483579318549081,0.6131752801248066,0.53632860004738347,0.23632860004738349,0.46053695422305174,0.070309023253425779,0.96991204252627816,0.0035063586501908883,0.53823010697585882,0.0059161788574049745,5,0,0,5,1,1.4970928426184582,0,{},REPEATABILITY_ANALYSABLE,
6,4,4pm,subject_6_4pm.mat,100,100,1,0,50,True,0,0,0,0,100,1,0,20,20,20,20,20,20,18.877523594793036,1.406700580027394,0.43354958687295508,0.37058697685528769,0.070586976855287697,0.32798347488869306,0.021756938146552329,0.96750257455729993,0.0024147644054337003,0.5504508879234582,0.0081383375042383688,5,0,0,5,1,1.4970928426184582,0,{},REPEATABILITY_ANALYSABLE,
7,0,8am,subject_7_8am.mat,100,100,1,0,50,True,0,0,0,0,37,0.37,0,20,20,20,20,20,20,17.365569958335968,2.2442584475449765,0.59431406747243565,0.49339103014245306,0.19339103014245307,0.31674706965062144,0.13531243494393688,0.97748186666244608,0.00215517565389578,0.55859367805800075,0.0062183195696773885,5,0,0,5,1,1.4970928426184582,0,{},REPEATABILITY_ANALYSABLE,
7,1,10am,subject_7_10am.mat,100,100,1,0,50,True,0,0,0,0,79,0.79000000000000004,0,20,20,20,20,20,20,15.904899783833395,0.90381848252582397,0.76971370345875578,0.68832545130456912,0.38832545130456914,0.52025478386535018,0.030127325714022934,0.9623673026097147,0.0064010215499003542,0.5222860242524463,0.011693680977682475,5,0,0,5,1,1.4970928426184582,0,{},REPEATABILITY_ANALYSABLE,
7,2,12pm,subject_7_12pm.mat,100,100,1,0,50,True,0,0,0,0,75,0.75,0,20,20,20,20,20,20,17.782604153869304,1.2563560410496883,0.56565291908957649,0.51381738270241717,0.21381738270241718,0.26202550935941393,0.030449643501112872,0.96519374328820295,0.0031432729277556803,0.52654369583309868,0.006247327125888491,5,0,0,5,1,1.4970928426184582,0,{},REPEATABILITY_ANALYSABLE,
7,3,2pm,subject_7_2pm.mat,100,100,1,0,50,True,0,0,0,0,73,0.72999999999999998,0,20,20,20,20,20,20,19.14377366042752,0.65150950268659535,0.69058611136477988,0.62840566065879011,0.32840566065879012,0.37520453698749739,0.037798392245446955,0.91446159906980984,0.0087886580672142389,0.53671707527989354,0.022965709304195281,6,0,0,6,0.93999999999999995,1.7965114111421496,0,{},REPEATABILITY_ANALYSABLE,
7,4,4pm,subject_7_4pm.mat,100,100,1,0,50,True,0,0,0,0,99,0.98999999999999999,0,20,20,20,20,20,20,12.261886405739233,0.53796813131311172,0.58386504008162876,0.5212192048228409,0.22121920482284091,0.27609709690325046,0.030842152241661175,0.91049099827549917,0.0072553087555163875,0.53513814964217465,0.018597378201223203,6,0,0,6,1,1.7965114111421496,0,{},REPEATABILITY_ANALYSABLE,
8,0,8am,subject_8_8am.mat,100,74,0.73999999999999999,0.26000000000000001,50,True,26,0,0,26,2,0.02,0,20,20,19,7,8,7,20.6457436711983,1.1990569217704472,0.33361907713870986,0.26455253014212032,-0.035447469857879665,0.20075837338415409,0.0120132225967583,0.97700075176907397,0.0029701442231276909,0.55009264566608707,0.0057674691247029397,5,0,0,5,1,1.4970928426184582,0,{},REVIEW_BLOCK_COVERAGE,insufficient_block_coverage
8,1,10am,subject_8_10am.mat,100,100,1,0,50,True,0,0,0,0,0,0,0,20,20,20,20,20,20,18.904982449453129,0.8443370954272158,0.62736093139846838,0.58810210499188087,0.28810210499188088,0.33317758728210822,0.011013025063161985,0.94571003240877349,0.006226616881919167,0.50190500678413097,0.0075666069452927365,5,0,1,5,0.70999999999999996,1.4970928426184582,0,{},REPEATABILITY_ANALYSABLE,
8,2,12pm,subject_8_12pm.mat,100,88,0.88,0.12,50,True,12,0,0,12,47,0.46999999999999997,0,15,20,20,20,13,13,15.53926621446459,0.9560484642274174,0.5067782999124586,0.28890139686333544,-0.011098603136664553,0.28375711873503001,0.078806159634695422,0.96977572433785819,0.011198431117275864,0.53996801532657113,0.021808981593649912,5,0,0,5,0.89772727272727271,1.4970928426184582,0,{},REPEATABILITY_ANALYSABLE,
8,3,2pm,subject_8_2pm.mat,100,100,1,0,50,True,0,0,0,0,100,1,0,20,20,20,20,20,20,13.063595372656787,1.0110682711386527,0.69216084044936887,0.59631625327802462,0.29631625327802463,0.42867840375707722,0.05161793318528865,0.96156353037120024,0.0057761758196016588,0.52410181249201981,0.0080467130411809307,5,0,0,5,1,1.4970928426184582,0,{},REPEATABILITY_ANALYSABLE,
8,4,4pm,subject_8_4pm.mat,100,100,1,0,50,True,0,0,0,0,94,0.93999999999999995,0,20,20,20,20,20,20,16.083145099194752,0.93477737005260142,0.62123797514437862,0.58597308369479206,0.28597308369479207,0.32796450646526931,0.017119774411999023,0.94563890428248487,0.0034216899645767018,0.48647978557238147,0.0049550955784464779,5,0,0.25,5,0.75,1.4970928426184582,0,{},REPEATABILITY_ANALYSABLE,
9,0,8am,subject_9_8am.mat,100,100,1,0,50,True,0,0,0,0,12,0.12,0,20,20,20,20,20,20,16.682487032030355,1.896591199535397,0.88086093940131005,0.8172743396749852,0.51727433967498526,0.62744913632371135,0.048573375983305134,0.95246212063434843,0.0093736884020886868,0.50112320233035557,0.016005738735140218,5,0,0,5,0.80000000000000004,1.4970928426184582,0,{},REPEATABILITY_ANALYSABLE,
9,1,10am,subject_9_10am.mat,100,100,1,0,50,True,0,0,0,0,4,0.040000000000000001,0,20,20,20,20,20,20,17.089023972799986,2.1409958515205769,0.84399042343612041,0.75038487919318841,0.45038487919318843,0.6398946872486414,0.07166892111793921,0.94564812819778021,0.016084448911736493,0.51017767313309415,0.012128825039632696,5,0,1,5,0.65000000000000002,1.4970928426184582,0,{},REPEATABILITY_ANALYSABLE,
9,2,12pm,subject_9_12pm.mat,100,100,1,0,50,True,0,0,0,0,2,0.02,0,20,20,20,20,20,20,16.33852454913557,2.6057104245641911,0.78971049352839606,0.64860990068442592,0.34860990068442593,0.58807561564930744,0.08970131776900403,0.95176962890438577,0.0082250730855079057,0.51060306471579797,0.012582903522666777,5,0,0,5,0.92000000000000004,1.4970928426184582,0,{},REPEATABILITY_ANALYSABLE,
9,3,2pm,subject_9_2pm.mat,100,100,1,0,50,True,0,0,0,0,17,0.17000000000000001,0,20,20,20,20,20,20,12.581622908241133,0.59806431547320393,0.72377615165200082,0.62306543345987242,0.32306543345987243,0.32863413597739277,0.053541947393300676,0.77526701533687969,0.036868757967492338,0.73852741405989586,0.068488919117660363,6,0,0,6,1,1.7965114111421496,0,{},REPEATABILITY_ANALYSABLE,
9,4,4pm,subject_9_4pm.mat,100,100,1,0,50,True,0,0,0,0,0,0,0,20,20,20,20,20,20,22.01785758396182,1.0874164992571256,0.65782446347159873,0.62546561191734407,0.32546561191734408,0.45506926148714438,0.013154978389486177,0.88715643118091714,0.0051651692148718675,0.6136941716981591,0.013853027148309327,6,0,0,6,1,1.7965114111421496,0,{},REPEATABILITY_ANALYSABLE,
10,0,8am,subject_10_8am.mat,100,100,1,0,50,True,0,0,0,0,22,0.22,0,20,20,20,20,20,20,12.822421768150587,3.4522623814664977,0.7687286887892707,0.68140902981683116,0.38140902981683117,0.48373811475246359,0.10029950524972259,0.94271186225262749,0.0076024341466813805,0.49136389035342143,0.012076227281319352,5,0,1,5,0.56999999999999995,1.4970928426184582,0,{},REPEATABILITY_ANALYSABLE,
10,1,10am,subject_10_10am.mat,100,100,1,0,50,True,0,0,0,0,8,0.080000000000000002,0,20,20,20,20,20,20,17.320657094148117,2.6136649856060119,0.67519277981892523,0.56514104028311452,0.26514104028311453,0.56479214238876507,0.027876157103599697,0.94397328528469582,0.01114903539548312,0.50777582154491807,0.020794298605315037,5,0,0,5,0.87,1.4970928426184582,0,{},REPEATABILITY_ANALYSABLE,
10,2,12pm,subject_10_12pm.mat,100,100,1,0,50,True,0,0,0,0,34,0.34000000000000002,0,20,20,20,20,20,20,15.915900624174476,1.6730965759307894,0.86866103410074569,0.79465642488936805,0.49465642488936806,0.60513772539362487,0.029821038366425967,0.88412455065604556,0.0082194250633220722,0.61332516151645367,0.019913296332386254,6,0,0,6,1,1.7965114111421496,0,{},REPEATABILITY_ANALYSABLE,
10,3,2pm,subject_10_2pm.mat,100,100,1,0,50,True,0,0,0,0,17,0.17000000000000001,0,20,20,20,20,20,20,12.581622908241133,0.59806431547320393,0.82820764209194997,0.80041500544608668,0.50041500544608675,0.40658121936602776,0.021120216726364188,0.89821205133916115,0.012417771929458421,0.45388047951498323,0.025065177569472352,6,0,0,6,0.76000000000000001,1.7965114111421496,0,{},REPEATABILITY_ANALYSABLE,
10,4,4pm,subject_10_4pm.mat,100,100,1,0,50,True,0,0,0,0,71,0.70999999999999996,0,20,20,20,20,20,20,11.723223744802862,0.52815624221471413,0.47552295281706702,0.43072853841881409,0.1307285384188141,0.16368527411203071,0.027675549075494701,0.93097899446584531,0.032957841876556426,0.52883353076980666,0.045296886212372101,5,0,1,5,0.56999999999999995,1.4970928426184582,0,{},REPEATABILITY_ANALYSABLE,
11,0,8am,subject_11_8am.mat,100,100,1,0,50,True,0,0,0,0,6,0.059999999999999998,0,20,20,20,20,20,20,14.363295591975387,1.8744186360724102,0.79615649021648127,0.6627583782015436,0.36275837820154361,0.49048991870144315,0.076106405718699144,0.9492877301075614,0.0060380682308301958,0.49460100787963179,0.011844186351276625,5,0,0,5,0.87,1.4970928426184582,0,{},REPEATABILITY_ANALYSABLE,
11,1,10am,subject_11_10am.mat,100,100,1,0,50,True,0,0,0,0,1,0.01,0,20,20,20,20,20,20,10.988478799042916,0.60004629438314083,0.42201084928073557,0.39587155061679696,0.095871550616796974,0.060633344485819307,0.011319123282719161,0.89003233281837191,0.03109177166102256,0.44702513233870161,0.029866558307309082,5,0,1,5,0.52000000000000002,1.4970928426184582,0,{},REPEATABILITY_ANALYSABLE,
11,2,12pm,subject_11_12pm.mat,100,100,1,0,50,True,0,0,0,0,4,0.040000000000000001,0,20,20,20,20,20,20,13.121338049838435,2.8985088570037352,0.8373099473567357,0.70802212465278225,0.40802212465278226,0.63661711127377507,0.050650155213319281,0.94333674636177012,0.011436016708803565,0.50781140867805719,0.015599849864058435,5,0,0,5,0.75,1.4970928426184582,0,{},REPEATABILITY_ANALYSABLE,
11,3,2pm,subject_11_2pm.mat,100,100,1,0,50,True,0,0,0,0,1,0.01,0,20,20,20,20,20,20,7.334663123981878,0.21869884112481985,0.52369909547335547,0.40581424355117007,0.10581424355117008,0.14351349771606556,0.032671156365301809,0.96412612705562684,0.011515639770723951,0.5449609387942963,0.020306303687043448,5,0,0,5,1,1.4970928426184582,0,{},REPEATABILITY_ANALYSABLE,
11,4,4pm,subject_11_4pm.mat,100,100,1,0,50,True,0,0,0,0,0,0,0,20,20,20,20,20,20,10.497170403027244,0.67322662802703359,0.39895540599192136,0.36808352028968183,0.068083520289681843,0.13182351569527953,0.0231606116090603,0.9251400459696546,0.025267258823071903,0.56834832136084401,0.043074594190395443,5,0,0,5,1,1.4970928426184582,0,{},REPEATABILITY_ANALYSABLE,
12,0,8am,subject_12_8am.mat,100,87,0.87,0.13,50,True,13,0,0,13,2,0.02,0,10,18,19,20,20,10,14.758353805397272,0.82631067824943116,0.36373436552310456,0.29508610737737589,-0.0049138926226240942,0.18429917067649607,0.017289091078708768,0.92794601818939493,0.0084194544273995531,0.49663187763044514,0.0095371085176380044,5,0,1,5,0.56321839080459768,1.4970928426184582,0,{},REPEATABILITY_ANALYSABLE,
12,1,10am,subject_12_10am.mat,100,100,1,0,50,True,0,0,0,0,0,0,0,20,20,20,20,20,20,11.039045494416275,0.22038768107945472,0.70989222846222777,0.66594566651873766,0.36594566651873767,0.32966727166741844,0.029553194102867691,0.91197598788471212,0.0073862232200658795,0.54950733369735949,0.017136030546534509,6,0,0,6,1,1.7965114111421496,0,{},REPEATABILITY_ANALYSABLE,
12,2,12pm,subject_12_12pm.mat,100,100,1,0,50,True,0,0,0,0,0,0,0,20,20,20,20,20,20,17.654411834049533,1.4807614751783316,0.71387536358388781,0.68665872353648227,0.38665872353648228,0.44271488722464791,0.014027967845945843,0.9580462027350205,0.0013372120709942426,0.51682324591960749,0.0020956249430049145,5,0,0,5,1,1.4970928426184582,0,{},REPEATABILITY_ANALYSABLE,
12,3,2pm,subject_12_2pm.mat,100,100,1,0,50,True,0,0,0,0,0,0,0,20,20,20,20,20,20,8.1704856147142166,0.29824450933949542,0.39193518952266981,0.33924251658405985,0.039242516584059861,0.069749454383587844,0.019401566085319771,0.87711269831003658,0.041577837868360834,0.48164854476636254,0.039098439930946971,5,0,1,5,0.64000000000000001,1.4970928426184582,0,{},REPEATABILITY_ANALYSABLE,
12,4,4pm,subject_12_4pm.mat,100,91,0.91000000000000003,0.089999999999999997,50,True,9,0,0,9,0,0,0,16,16,20,19,20,16,10.497170403027244,0.67320518887290159,0.53959652084267384,0.32373334890032263,0.023733348900322637,0.23634313347046043,0.040743321561144769,0.93996711554175438,0.0038619754660397243,0.47765008525942748,0.010765163359197916,5,0,0,5,0.94505494505494503,1.4970928426184582,0,{},REPEATABILITY_ANALYSABLE,
13,0,8am,subject_13_8am.mat,100,100,1,0,50,True,0,0,0,0,0,0,0,20,20,20,20,20,20,23.378550202072567,0.71863652209194839,0.76326708152514799,0.67691525764037808,0.37691525764037809,0.59302377206064893,0.02824079812176411,0.93844296234384617,0.0016563105974112813,0.48433670613252378,0.0037766400733794947,6,0,1,6,0.67000000000000004,1.7965114111421496,0,{},REPEATABILITY_ANALYSABLE,
13,1,10am,subject_13_10am.mat,100,100,1,0,50,True,0,0,0,0,0,0,0,20,20,20,20,20,20,29.616408700155851,0.7946398230436742,0.71937397744057008,0.66496215946564097,0.36496215946564098,0.55655748512583858,0.021874175986331901,0.92622677873743187,0.00035703517809904106,0.51496321487990759,0.0017832450718515136,6,0,0,6,1,1.7965114111421496,0,{},REPEATABILITY_ANALYSABLE,
13,2,12pm,subject_13_12pm.mat,100,100,1,0,50,True,0,0,0,0,1,0.01,0,20,20,20,20,20,20,27.100465112983962,0.78794209742859067,0.83707322311686583,0.74651472483146941,0.44651472483146942,0.62122198941251039,0.016637964738725475,0.92368919374187874,0.00053147766180988709,0.51683444747731844,0.0022458095146034585,6,0,0,6,1,1.7965114111421496,0,{},REPEATABILITY_ANALYSABLE,
13,3,2pm,subject_13_2pm.mat,100,100,1,0,50,True,0,0,0,0,0,0,0,20,20,20,20,20,20,26.673572402305254,1.0050082923971324,0.7988249728674861,0.74942030161138851,0.44942030161138852,0.62548542592999368,0.012301770685532343,0.92281536776817341,0.00025451583547558831,0.52027986688050842,0.0012902159247104583,6,0,0,6,1,1.7965114111421496,0,{},REPEATABILITY_ANALYSABLE,
13,4,4pm,subject_13_4pm.mat,100,100,1,0,50,True,0,0,0,0,0,0,0,20,20,20,20,20,20,34.642868047557677,1.1435246101077681,0.60085836434404072,0.54980585520046543,0.24980585520046544,0.41540072053040777,0.021235830427332542,0.9289106768968689,0.00052066736455125273,0.50991438617086104,0.0024735708661163813,6,0,0,6,1,1.7965114111421496,0,{},REPEATABILITY_ANALYSABLE,
14,0,8am,subject_14_8am.mat,100,100,1,0,50,True,0,0,0,0,0,0,0,20,20,20,20,20,20,29.850630738230464,1.2015594919495776,0.77953358754826474,0.73376206609310457,0.43376206609310458,0.60270086525893807,0.015734076338926373,0.92697924862562175,0.00054753978872945641,0.5137208814456925,0.003039724097557428,6,0,0,6,1,1.7965114111421496,0,{},REPEATABILITY_ANALYSABLE,
14,1,10am,subject_14_10am.mat,100,100,1,0,50,True,0,0,0,0,0,0,0,20,20,20,20,20,20,28.643781248484288,0.57057170673703617,0.79051823839714452,0.75739761845279108,0.45739761845279109,0.60209691476039162,0.021238327513799393,0.92672538749952604,0.00054951018819276998,0.51571498510969649,0.0022915215053106452,6,0,0,6,1,1.7965114111421496,0,{},REPEATABILITY_ANALYSABLE,
14,2,12pm,subject_14_12pm.mat,100,100,1,0,50,True,0,0,0,0,0,0,0,20,20,20,20,20,20,23.607124015259,0.68956410574954319,0.81206656157249735,0.7914835712806908,0.49148357128069081,0.64377027272448339,0.0088726293032656556,0.92718469126461422,0.00045761842643737838,0.50958823996988545,0.0017995732230174921,6,0,0,6,1,1.7965114111421496,0,{},REPEATABILITY_ANALYSABLE,
14,3,2pm,subject_14_2pm.mat,100,100,1,0,50,True,0,0,0,0,0,0,0,20,20,20,20,20,20,31.065889443181696,0.76923998583558983,0.75264358220946437,0.71531958902377679,0.4153195890237768,0.59444925463728238,0.012695760314977489,0.92784758599989581,0.00040225036189001084,0.50675993006049569,0.0028304820396142238,6,0,0,6,1,1.7965114111421496,0,{},REPEATABILITY_ANALYSABLE,
14,4,4pm,subject_14_4pm.mat,100,100,1,0,50,True,0,0,0,0,0,0,0,20,20,20,20,20,20,27.052992874521934,0.53680762576625263,0.76303110633341209,0.70690162881374174,0.40690162881374176,0.59027321650103293,0.014385621099431423,0.92803473475659748,0.00068001370451659104,0.51188647069777371,0.0019707834091545195,6,0,0,6,1,1.7965114111421496,0,{},REPEATABILITY_ANALYSABLE,
15,0,8am,subject_15_8am.mat,100,100,1,0,50,True,0,0,0,0,0,0,0,20,20,20,20,20,20,26.144958088455098,0.60109672053428653,0.78683779593097891,0.7595840372664977,0.45958403726649771,0.63056760549882229,0.015016540803424405,0.92677791336780424,0.00046319375711784128,0.51218120998241812,0.00064556953525374272,6,0,0,6,1,1.7965114111421496,0,{},REPEATABILITY_ANALYSABLE,
15,1,10am,subject_15_10am.mat,100,100,1,0,50,True,0,0,0,0,0,0,0,20,20,20,20,20,20,25.902748361903896,0.84605728685600923,0.73144714774243924,0.70410100876876702,0.40410100876876703,0.5869576827710673,0.017119511171863444,0.92994974048132883,0.00031909308486050003,0.50314781868674552,0.00086217155104095777,6,0,0,6,1,1.7965114111421496,0,{},REPEATABILITY_ANALYSABLE,
15,2,12pm,subject_15_12pm.mat,100,100,1,0,50,True,0,0,0,0,4,0.040000000000000001,0,20,20,20,20,20,20,24.488027185729084,0.95833266233964842,0.78312338331497744,0.71508130343083665,0.41508130343083666,0.59919090182672874,0.019777511227548283,0.92813806126738729,0.0013275666989187029,0.49941975631201607,0.0014771766163533262,6,0,0,6,1,1.7965114111421496,0,{},REPEATABILITY_ANALYSABLE,
15,3,2pm,subject_15_2pm.mat,100,100,1,0,50,True,0,0,0,0,0,0,0,20,20,20,20,20,20,29.346840990850545,0.43792552559012776,0.70332360284406559,0.68029273404188062,0.38029273404188063,0.5318950336449263,0.012112564592293595,0.92890075400872685,0.00029938696873377246,0.51283467537993443,0.0008144168406258312,6,0,0,6,1,1.7965114111421496,0,{},REPEATABILITY_ANALYSABLE,
15,4,4pm,subject_15_4pm.mat,100,100,1,0,50,True,0,0,0,0,0,0,0,20,20,20,20,20,20,25.345158398889456,0.74490627581300828,0.79598137833451732,0.77559410849647992,0.47559410849647993,0.61953632675624615,0.0069667918538899865,0.92763878678254441,0.00018440227135479992,0.50940624593571937,0.00065553474346002893,6,0,0,6,1,1.7965114111421496,0,{},REPEATABILITY_ANALYSABLE,
16,0,8am,subject_16_8am.mat,100,100,1,0,50,True,0,0,0,0,4,0.040000000000000001,0,20,20,20,20,20,20,13.672492250530048,0.71808186687857223,0.49699025730752427,0.45225006042421118,0.15225006042421119,0.18835287127492634,0.0091769570098592101,0.92047480078257571,0.0079415869806922501,0.44407208929508823,0.010582070387584214,5,0,0,5,0.95999999999999996,1.4970928426184582,0,{},REPEATABILITY_ANALYSABLE,
16,1,10am,subject_16_10am.mat,100,15,0.14999999999999999,0.84999999999999998,50,False,85,0,0,85,8,0.080000000000000002,0,0,0,0,1,14,0,15.104079904302056,0.57432298553945138,0.26523573259570127,0.24724041955945905,-0.052759580440540937,0.061507247532255151,0.0027057496358782324,0.7128779320778269,0.0074619776109852154,0.56779652642319722,0.056060928815930611,6,0,0,6,0.93333333333333335,1.7965114111421496,0,{},INELIGIBLE_EXISTING_QC,ineligible_existing_qc
16,2,12pm,subject_16_12pm.mat,100,100,1,0,50,True,0,0,0,0,42,0.41999999999999998,0,20,20,20,20,20,20,15.432793397345959,1.10365962866471,0.57983673226187649,0.53176342208854455,0.23176342208854456,0.25580784933724571,0.02167437604664986,0.90570732808167598,0.010354244654333877,0.43624812434922067,0.013413706604229997,5,0,0,5,0.87,1.4970928426184582,0,{},REPEATABILITY_ANALYSABLE,
16,3,2pm,subject_16_2pm.mat,100,80,0.80000000000000004,0.20000000000000001,50,True,20,0,0,20,82,0.81999999999999995,0,20,20,13,9,18,9,10.791045069334688,0.64038907093051733,0.57836278805183672,0.22745522575563182,-0.072544774244368171,0.35577927446995927,0.093152851531118491,0.93469052169696187,0.0073333455693599392,0.48253658897072049,0.013827221166439224,5,0,0,5,0.94999999999999996,1.4970928426184582,0,{},REVIEW_BLOCK_COVERAGE,insufficient_block_coverage
16,4,4pm,subject_16_4pm.mat,100,100,1,0,50,True,0,0,0,0,99,0.98999999999999999,0,20,20,20,20,20,20,11.790972274581311,0.44160142762889354,0.71673915234329288,0.69564492704410885,0.39564492704410886,0.19578596586465319,0.011602585668489721,0.9547841635626253,0.0013865814216937333,0.51382891994470192,0.0038201837987613674,5,0,0,5,1,1.4970928426184582,0,{},REPEATABILITY_ANALYSABLE,
