metric_id,left_out_original_subject,n_sessions,coefficient_pct_points_per_sd_worse
one_minus_pass_fraction,1,70,-0.027026646045285881
one_minus_pass_fraction,2,68,-0.027350891305867937
one_minus_pass_fraction,3,69,-0.025168704389238135
one_minus_pass_fraction,4,69,-0.031192322649953017
one_minus_pass_fraction,5,69,-0.024220153397670297
one_minus_pass_fraction,6,69,-0.030196410079462395
one_minus_pass_fraction,7,68,-0.028814874127544205
one_minus_pass_fraction,8,68,-0.041497626203945454
one_minus_pass_fraction,9,68,-0.026725148003469701
one_minus_pass_fraction,10,68,-0.030784406864177938
one_minus_pass_fraction,11,68,-0.027063557636176759
one_minus_pass_fraction,12,68,-0.025322864224130999
one_minus_pass_fraction,13,68,-0.026246043086146587
one_minus_pass_fraction,14,68,-0.026805887833172181
one_minus_pass_fraction,15,68,-0.02477808848290847
one_minus_pass_fraction,16,69,-0.014655254258883726
twenty_minus_minimum_block_n_pass,1,70,-0.027429420262632086
twenty_minus_minimum_block_n_pass,2,68,-0.028334491486576907
twenty_minus_minimum_block_n_pass,3,69,-0.028988544328499198
twenty_minus_minimum_block_n_pass,4,69,-0.034351150066167735
twenty_minus_minimum_block_n_pass,5,69,-0.024249345735778374
twenty_minus_minimum_block_n_pass,6,69,-0.030820549338564235
twenty_minus_minimum_block_n_pass,7,68,-0.029846296541306654
twenty_minus_minimum_block_n_pass,8,68,-0.053210652148559842
twenty_minus_minimum_block_n_pass,9,68,-0.032941493339586306
twenty_minus_minimum_block_n_pass,10,68,-0.031461423977771463
twenty_minus_minimum_block_n_pass,11,68,-0.029834571060653004
twenty_minus_minimum_block_n_pass,12,68,-0.018068840714376457
twenty_minus_minimum_block_n_pass,13,68,-0.02754685870144475
twenty_minus_minimum_block_n_pass,14,68,-0.03018586478834278
twenty_minus_minimum_block_n_pass,15,68,-0.026800847722609218
twenty_minus_minimum_block_n_pass,16,69,-0.01333268542576567
negative_in_band_ratio_p10_margin,1,70,0.098442582229711223
negative_in_band_ratio_p10_margin,2,68,0.10803131496553113
negative_in_band_ratio_p10_margin,3,69,0.090413707795403267
negative_in_band_ratio_p10_margin,4,69,0.11399669317467326
negative_in_band_ratio_p10_margin,5,69,0.1025588091262128
negative_in_band_ratio_p10_margin,6,69,0.1201539668700496
negative_in_band_ratio_p10_margin,7,68,0.11696634964646314
negative_in_band_ratio_p10_margin,8,68,0.11502534596905714
negative_in_band_ratio_p10_margin,9,68,0.06793685039235578
negative_in_band_ratio_p10_margin,10,68,0.10272511979227096
negative_in_band_ratio_p10_margin,11,68,0.10903292667742995
negative_in_band_ratio_p10_margin,12,68,0.1183349539493726
negative_in_band_ratio_p10_margin,13,68,0.12014385562445946
negative_in_band_ratio_p10_margin,14,68,0.10728685057384207
negative_in_band_ratio_p10_margin,15,68,0.12446885528454923
negative_in_band_ratio_p10_margin,16,69,0.12604714988889779
peak_bin_iqr,1,70,-0.0038955809854970061
peak_bin_iqr,2,68,0.016221489887742767
peak_bin_iqr,3,69,0.013647817820279077
peak_bin_iqr,4,69,0.00091171827153839133
peak_bin_iqr,5,69,-0.010077845870950949
peak_bin_iqr,6,69,0.016731885364010123
peak_bin_iqr,7,68,0.016215555547917659
peak_bin_iqr,8,68,-0.0046010426756662483
peak_bin_iqr,9,68,0.045270899046952896
peak_bin_iqr,10,68,0.028821955747026458
peak_bin_iqr,11,68,0.03829722597105116
peak_bin_iqr,12,68,0.026404887387717769
peak_bin_iqr,13,68,0.0048025251023925339
peak_bin_iqr,14,68,0.011346088254127022
peak_bin_iqr,15,68,0.014573536803302096
peak_bin_iqr,16,69,0.017479953113926503
wst_tiling_0_block_distance_maximum,1,68,0.010563963934905551
wst_tiling_0_block_distance_maximum,2,66,0.012974768538789178
wst_tiling_0_block_distance_maximum,3,67,0.0051619693598505614
wst_tiling_0_block_distance_maximum,4,67,0.018561152734701766
wst_tiling_0_block_distance_maximum,5,67,0.021389097183362703
wst_tiling_0_block_distance_maximum,6,67,-0.01007276595554368
wst_tiling_0_block_distance_maximum,7,66,0.021132129687607873
wst_tiling_0_block_distance_maximum,8,67,0.028271070041826437
wst_tiling_0_block_distance_maximum,9,66,0.043957016020468684
wst_tiling_0_block_distance_maximum,10,66,0.0010330333673151601
wst_tiling_0_block_distance_maximum,11,66,0.013604199588030053
wst_tiling_0_block_distance_maximum,12,66,0.015414795968106847
wst_tiling_0_block_distance_maximum,13,66,-0.0057612858296958655
wst_tiling_0_block_distance_maximum,14,66,0.012075961112558008
wst_tiling_0_block_distance_maximum,15,66,-0.00017924978094244204
wst_tiling_0_block_distance_maximum,16,68,0.0075136937853790726
wst_tiling_1_block_distance_maximum,1,68,0.01011818093062733
wst_tiling_1_block_distance_maximum,2,66,0.0082227426765119904
wst_tiling_1_block_distance_maximum,3,67,-0.0026285848398994102
wst_tiling_1_block_distance_maximum,4,67,0.019172047123857477
wst_tiling_1_block_distance_maximum,5,67,0.012213446260691051
wst_tiling_1_block_distance_maximum,6,67,-0.024216181314401994
wst_tiling_1_block_distance_maximum,7,66,0.020485701406266162
wst_tiling_1_block_distance_maximum,8,67,0.033041552374865502
wst_tiling_1_block_distance_maximum,9,66,0.040279746230773704
wst_tiling_1_block_distance_maximum,10,66,0.01648533856322424
wst_tiling_1_block_distance_maximum,11,66,0.0016708002991848575
wst_tiling_1_block_distance_maximum,12,66,0.011650362287019989
wst_tiling_1_block_distance_maximum,13,66,0.0050982618928712697
wst_tiling_1_block_distance_maximum,14,66,0.020682757282076525
wst_tiling_1_block_distance_maximum,15,66,-0.0081389178128640216
wst_tiling_1_block_distance_maximum,16,68,0.011568774961553613
wst_tiling_2_block_distance_maximum,1,68,0.050675769635953903
wst_tiling_2_block_distance_maximum,2,66,0.035023495195647181
wst_tiling_2_block_distance_maximum,3,67,0.042519921022779739
wst_tiling_2_block_distance_maximum,4,67,0.07093359990228322
wst_tiling_2_block_distance_maximum,5,67,0.057439779347920959
wst_tiling_2_block_distance_maximum,6,67,0.04164955344101514
wst_tiling_2_block_distance_maximum,7,66,0.054760359043203789
wst_tiling_2_block_distance_maximum,8,67,0.046766225784523233
wst_tiling_2_block_distance_maximum,9,66,0.033736755356499559
wst_tiling_2_block_distance_maximum,10,66,0.059750350972365779
wst_tiling_2_block_distance_maximum,11,66,0.040251820506231842
wst_tiling_2_block_distance_maximum,12,66,0.048438459474039061
wst_tiling_2_block_distance_maximum,13,66,0.046640912319610858
wst_tiling_2_block_distance_maximum,14,66,0.065947247232953352
wst_tiling_2_block_distance_maximum,15,66,0.041726131820369022
wst_tiling_2_block_distance_maximum,16,68,0.051900934637559931
