subject,session_idx,session_name,n_eligible_frames,peak_bin_mode,peak_bin_min,peak_bin_max,peak_hz_median,energy_retention_median,roi_to_total_median,peak_share_median,n_peak_share_missing,all_variants_finite
1,1,10am,98,5,4,5,4876.722846441948,0.23160465324156068,0.9314804817074349,0.47036904543298363,0,True
1,2,12pm,100,5,5,5,4876.722846441948,0.40971642606810965,0.9519884480209002,0.5026601342112125,0,True
1,3,2pm,100,6,5,6,5852.0674157303365,0.2801942439067767,0.9148069161816512,0.49345610979141685,0,True
2,0,8am,100,6,6,6,5852.0674157303365,0.2607467552904337,0.9064695466364647,0.5743653465667203,0,True
2,1,10am,100,6,6,6,5852.0674157303365,0.46942922116132235,0.9172278641864773,0.5490633430140601,0,True
2,2,12pm,100,4,4,4,3901.378277153558,0.482347019466816,0.8671704277397085,0.611637731750234,0,True
2,3,2pm,100,6,6,6,5852.0674157303365,0.49610117875736603,0.9047449241352918,0.5725726915610828,0,True
2,4,4pm,100,5,5,5,4876.722846441948,0.5342390556596424,0.9517062363219618,0.4954384052981907,0,True
3,0,8am,100,5,5,5,4876.722846441948,0.305558965970884,0.96056885691936,0.5111465452090201,0,True
3,2,12pm,99,5,5,6,4876.722846441948,0.25569541057800776,0.9390117464348577,0.4935344544293372,0,True
3,3,2pm,100,5,5,5,4876.722846441948,0.515645633685707,0.9657761375873084,0.5244760093128418,0,True
3,4,4pm,100,5,5,5,4876.722846441948,0.587344212105319,0.9593453570445005,0.5172414710212577,0,True
4,0,8am,96,5,5,5,4876.722846441948,0.23033958539736907,0.9621617913594485,0.5126013210071226,0,True
4,1,10am,97,6,6,6,5852.0674157303365,0.3567820220080459,0.9017512326749011,0.5877106568256859,0,True
4,2,12pm,66,6,6,6,5852.0674157303365,0.3729793767738812,0.8274417554611442,0.7285379920526449,0,True
4,4,4pm,92,6,5,6,5852.0674157303365,0.34906814398810115,0.9272711525588585,0.49667504038426713,0,True
5,0,8am,100,6,5,6,5852.0674157303365,0.20314423147414312,0.8587969301515259,0.40987484321112955,0,True
5,1,10am,100,5,5,5,4876.722846441948,0.17891749447231295,0.9429153120245585,0.4851930920552444,0,True
5,2,12pm,100,6,5,6,5852.0674157303365,0.2412338431249994,0.8420024721327596,0.5020195802437755,0,True
5,4,4pm,100,5,5,5,4876.722846441948,0.09479604711406259,0.9570523152692729,0.5324490728717676,0,True
6,1,10am,100,5,5,5,4876.722846441948,0.3023057990350897,0.9708044549750645,0.5498763070523268,0,True
6,2,12pm,100,5,4,6,4876.722846441948,0.4546355732014685,0.9447772525894808,0.49516635134498876,0,True
6,3,2pm,100,5,5,5,4876.722846441948,0.46053695422305174,0.9699120425262782,0.5382301069758588,0,True
6,4,4pm,100,5,5,5,4876.722846441948,0.32798347488869306,0.9675025745572999,0.5504508879234582,0,True
7,0,8am,100,5,5,5,4876.722846441948,0.31674706965062144,0.9774818666624461,0.5585936780580008,0,True
7,1,10am,100,5,5,5,4876.722846441948,0.5202547838653502,0.9623673026097147,0.5222860242524463,0,True
7,2,12pm,100,5,5,5,4876.722846441948,0.26202550935941393,0.965193743288203,0.5265436958330987,0,True
7,3,2pm,100,6,5,6,5852.0674157303365,0.3752045369874974,0.9144615990698098,0.5367170752798935,0,True
7,4,4pm,100,6,6,6,5852.0674157303365,0.27609709690325046,0.9104909982754992,0.5351381496421747,0,True
8,0,8am,74,5,5,5,4876.722846441948,0.2007583733841541,0.977000751769074,0.5500926456660871,0,True
8,1,10am,100,5,5,6,4876.722846441948,0.3331775872821082,0.9457100324087735,0.501905006784131,0,True
8,2,12pm,88,5,5,6,4876.722846441948,0.28375711873503,0.9697757243378582,0.5399680153265711,0,True
8,3,2pm,100,5,5,5,4876.722846441948,0.4286784037570772,0.9615635303712002,0.5241018124920198,0,True
8,4,4pm,100,5,5,6,4876.722846441948,0.3279645064652693,0.9456389042824849,0.4864797855723815,0,True
9,0,8am,100,5,5,6,4876.722846441948,0.6274491363237114,0.9524621206343484,0.5011232023303556,0,True
9,1,10am,100,5,5,6,4876.722846441948,0.6398946872486414,0.9456481281977802,0.5101776731330941,0,True
9,2,12pm,100,5,4,6,4876.722846441948,0.5880756156493074,0.9517696289043858,0.510603064715798,0,True
9,3,2pm,100,6,6,6,5852.0674157303365,0.32863413597739277,0.7752670153368797,0.7385274140598959,0,True
9,4,4pm,100,6,6,6,5852.0674157303365,0.4550692614871444,0.8871564311809171,0.6136941716981591,0,True
10,0,8am,100,5,5,6,4876.722846441948,0.4837381147524636,0.9427118622526275,0.49136389035342143,0,True
10,1,10am,100,5,4,6,4876.722846441948,0.5647921423887651,0.9439732852846958,0.5077758215449181,0,True
10,2,12pm,100,6,6,6,5852.0674157303365,0.6051377253936249,0.8841245506560456,0.6133251615164537,0,True
10,3,2pm,100,6,5,6,5852.0674157303365,0.40658121936602776,0.8982120513391612,0.4538804795149832,0,True
10,4,4pm,100,5,5,6,4876.722846441948,0.1636852741120307,0.9309789944658453,0.5288335307698067,0,True
11,0,8am,100,5,4,6,4876.722846441948,0.49048991870144315,0.9492877301075614,0.4946010078796318,0,True
11,1,10am,100,5,4,5,4876.722846441948,0.06063334448581931,0.8900323328183719,0.4470251323387016,0,True
11,2,12pm,100,5,4,6,4876.722846441948,0.6366171112737751,0.9433367463617701,0.5078114086780572,0,True
11,3,2pm,100,5,5,5,4876.722846441948,0.14351349771606556,0.9641261270556268,0.5449609387942963,0,True
11,4,4pm,100,5,5,5,4876.722846441948,0.13182351569527953,0.9251400459696546,0.568348321360844,0,True
12,0,8am,87,5,5,6,4876.722846441948,0.18429917067649607,0.9279460181893949,0.49663187763044514,0,True
12,1,10am,100,6,6,6,5852.0674157303365,0.32966727166741844,0.9119759878847121,0.5495073336973595,0,True
12,2,12pm,100,5,5,5,4876.722846441948,0.4427148872246479,0.9580462027350205,0.5168232459196075,0,True
12,3,2pm,100,5,4,6,4876.722846441948,0.06974945438358784,0.8771126983100366,0.48164854476636254,0,True
12,4,4pm,91,5,4,5,4876.722846441948,0.23634313347046043,0.9399671155417544,0.4776500852594275,0,True
13,0,8am,100,6,5,6,5852.0674157303365,0.5930237720606489,0.9384429623438462,0.4843367061325238,0,True
13,1,10am,100,6,6,6,5852.0674157303365,0.5565574851258386,0.9262267787374319,0.5149632148799076,0,True
13,2,12pm,100,6,6,6,5852.0674157303365,0.6212219894125104,0.9236891937418787,0.5168344474773184,0,True
13,3,2pm,100,6,6,6,5852.0674157303365,0.6254854259299937,0.9228153677681734,0.5202798668805084,0,True
13,4,4pm,100,6,6,6,5852.0674157303365,0.4154007205304078,0.9289106768968689,0.509914386170861,0,True
14,0,8am,100,6,6,6,5852.0674157303365,0.6027008652589381,0.9269792486256218,0.5137208814456925,0,True
14,1,10am,100,6,6,6,5852.0674157303365,0.6020969147603916,0.926725387499526,0.5157149851096965,0,True
14,2,12pm,100,6,6,6,5852.0674157303365,0.6437702727244834,0.9271846912646142,0.5095882399698854,0,True
14,3,2pm,100,6,6,6,5852.0674157303365,0.5944492546372824,0.9278475859998958,0.5067599300604957,0,True
14,4,4pm,100,6,6,6,5852.0674157303365,0.5902732165010329,0.9280347347565975,0.5118864706977737,0,True
15,0,8am,100,6,6,6,5852.0674157303365,0.6305676054988223,0.9267779133678042,0.5121812099824181,0,True
15,1,10am,100,6,6,6,5852.0674157303365,0.5869576827710673,0.9299497404813288,0.5031478186867455,0,True
15,2,12pm,100,6,6,6,5852.0674157303365,0.5991909018267287,0.9281380612673873,0.49941975631201607,0,True
15,3,2pm,100,6,6,6,5852.0674157303365,0.5318950336449263,0.9289007540087268,0.5128346753799344,0,True
15,4,4pm,100,6,6,6,5852.0674157303365,0.6195363267562461,0.9276387867825444,0.5094062459357194,0,True
16,0,8am,100,5,5,6,4876.722846441948,0.18835287127492634,0.9204748007825757,0.44407208929508823,0,True
16,2,12pm,100,5,5,6,4876.722846441948,0.2558078493372457,0.905707328081676,0.43624812434922067,0,True
16,3,2pm,80,5,5,6,4876.722846441948,0.3557792744699593,0.9346905216969619,0.4825365889707205,0,True
16,4,4pm,100,5,5,5,4876.722846441948,0.1957859658646532,0.9547841635626253,0.5138289199447019,0,True
